sample_00000|Chào mừng các bạn đến với kênh Hoàng Vinh Radio Hôm nay mời các bạn tiếp tục nghe bộ truyện Tạc miêu.|Chào mừng các bạn đến với kênh Hoàng Vinh Radio Hôm nay mời các bạn tiếp tục nghe bộ truyện Tạc miêu.
sample_00001|của tác giả thiên hạ bá sướng Lại là một tác phẩm của thiên hạ bá sướng Tác giả.|của tác giả thiên hạ bá sướng Lại là một tác phẩm của thiên hạ bá sướng Tác giả.
sample_00002|của sơ ri truyện Ma Tổ Đèn hấp dẫn Cuối Triều Nhà Thanh.|của sơ ri truyện Ma Tổ Đèn hấp dẫn Cuối Triều Nhà Thanh.
sample_00003|Quân Thái Trương Bình Thiên Quốc đã nổ dậy Tiểu Biện Gã du thủ du thực làng Kim Quang.|Quân Thái Trương Bình Thiên Quốc đã nổ dậy Tiểu Biện Gã du thủ du thực làng Kim Quang.
sample_00004|Tình cờ lạc bước vào một ngôi mộ hoang Của quý phi đời trước.|Tình cờ lạc bước vào một ngôi mộ hoang Của quý phi đời trước.
sample_00005|gặp được bậc kỳ nhân lại được truyền cho một pho kỳ thư dạy môn xem tướng mèo tướng chó.|gặp được bậc kỳ nhân lại được truyền cho một pho kỳ thư dạy môn xem tướng mèo tướng chó.
sample_00006|đã thất truyền từ nhiều đời trước.|đã thất truyền từ nhiều đời trước.
sample_00007|Cũng từ đó hắn đã bị cuốn vào cái dòng chảy cuồn cuộn của lịch sử. Từ một kẻ khố rách áo ôm, Trương Tiểu Biện bỗng dưng trở thành một bậc anh hùng của thành Linh Châu.|Cũng từ đó hắn đã bị cuốn vào cái dòng chảy cuồn cuộn của lịch sử. Từ một kẻ khố rách áo ôm, Trương Tiểu Biện bỗng dưng trở thành một bậc anh hùng của thành Linh Châu.
sample_00009|chiến đấu với quang Thái Bình Thiên Quốc. Mỗi lần mà ngộ hiểm đều có Linh Miu tương trợ vượt qua nguy khốn.|chiến đấu với quang Thái Bình Thiên Quốc. Mỗi lần mà ngộ hiểm đều có Linh Miu tương trợ vượt qua nguy khốn.
sample_00010|nhưng mà lũ tặc Miu thần bí ấy liệu có thật sự mang vinh hoa phú quý đến cho Trương Tiểu Biện.|nhưng mà lũ tặc Miu thần bí ấy liệu có thật sự mang vinh hoa phú quý đến cho Trương Tiểu Biện.
sample_00011|như vị kỳ nhân kia đã nói hay tất cả chỉ là một cái bẫy lớn đã được bí mật dăng sẵn.|như vị kỳ nhân kia đã nói hay tất cả chỉ là một cái bẫy lớn đã được bí mật dăng sẵn.
sample_00012|để mà chờ hắn bước vào những câu chuyện ly kỳ khác thường nhưng mà lại được nói đến trong phương diện hoàn toàn khác.|để mà chờ hắn bước vào những câu chuyện ly kỳ khác thường nhưng mà lại được nói đến trong phương diện hoàn toàn khác.
sample_00013|một câu chuyện liên quan đến mèo.|một câu chuyện liên quan đến mèo.
sample_00014|Hãy cùng nghe và cảm nhận.|Hãy cùng nghe và cảm nhận.
sample_00015|Mời các bạn nghe tập một miêu tạc của tác giả Thiên Hạ Bá Sướng.|Mời các bạn nghe tập một miêu tạc của tác giả Thiên Hạ Bá Sướng.
sample_00016|Chúc các bạn nghe truyện vui vẻ.|Chúc các bạn nghe truyện vui vẻ.
sample_00017|Quyển một Chương một Chó hút Chuyện kể rằng hồi nọ có một ngôi làng.|Quyển một Chương một Chó hút Chuyện kể rằng hồi nọ có một ngôi làng.
sample_00018|tên là Kim Quang. Vì sao mà lại có tên như vậy chứ?|tên là Kim Quang. Vì sao mà lại có tên như vậy chứ?
sample_00019|Vốn là từ xưa tới nay quang quách của hoàng đế.|Vốn là từ xưa tới nay quang quách của hoàng đế.
sample_00020|quang quách của quý phi thì được gọi là kim quang tương truyền ngày xưa có một bà quý phi.|quang quách của quý phi thì được gọi là kim quang tương truyền ngày xưa có một bà quý phi.
sample_00021|Thưở sanh tiền rất được sủng ái, nhưng mà vì đắc tội với Thái Hậu phải nhận tam bang triều điển, tức là bị thắt cổ cho tới chết.|Thưở sanh tiền rất được sủng ái, nhưng mà vì đắc tội với Thái Hậu phải nhận tam bang triều điển, tức là bị thắt cổ cho tới chết.
sample_00022|Cũng bởi vì Quý Phi chết oan, cho nên đêm đến, hãy chợp mắt, Hoàng thượng và Thái hậu lại mơ thấy bà ta.|Cũng bởi vì Quý Phi chết oan, cho nên đêm đến, hãy chợp mắt, Hoàng thượng và Thái hậu lại mơ thấy bà ta.
sample_00023|mặc váy đỏ tới đòi mạng.|mặc váy đỏ tới đòi mạng.
sample_00024|Nhằm an ủi vong linh của bà Phi nọ, họ mới liền cho xây một ngôi mộ ở ngoài cõi xa.|Nhằm an ủi vong linh của bà Phi nọ, họ mới liền cho xây một ngôi mộ ở ngoài cõi xa.
sample_00025|để mai táng thi hài. Trước khi mai táng, cổ kim quan của bà Phi được quàn tạm trong ngôi chùa cổ.|để mai táng thi hài. Trước khi mai táng, cổ kim quan của bà Phi được quàn tạm trong ngôi chùa cổ.
sample_00026|của cái làng này cho nên từ đó về sau.|của cái làng này cho nên từ đó về sau.
sample_00027|từ tên làng đến tên chùa đã bị đổi thành làng Kim Quang, chùa Kim Quang. Tuy nhiên, câu chuyện này thật giả thế nào?|từ tên làng đến tên chùa đã bị đổi thành làng Kim Quang, chùa Kim Quang. Tuy nhiên, câu chuyện này thật giả thế nào?
sample_00028|đến các bậc cổ lão ở trong làng cũng không có biết rõ bà phi nọ ngậm hờn dưới suối vàng cũng đã hàng trăm.|đến các bậc cổ lão ở trong làng cũng không có biết rõ bà phi nọ ngậm hờn dưới suối vàng cũng đã hàng trăm.
sample_00029|hàng nghìn năm. Phần mộ đã hóa đất bằng, chẳng có còn biết đích xác.|hàng nghìn năm. Phần mộ đã hóa đất bằng, chẳng có còn biết đích xác.
sample_00030|ngôi mộ cổ giờ ở chỗ nào nữa. Chỉ còn lại cái tên làng Kim Quang và ngôi miếu cũ quang tàn.|ngôi mộ cổ giờ ở chỗ nào nữa. Chỉ còn lại cái tên làng Kim Quang và ngôi miếu cũ quang tàn.
sample_00031|chừng như muốn sập xuống bất cứ lúc nào làm chứng cho điều đó.|chừng như muốn sập xuống bất cứ lúc nào làm chứng cho điều đó.
sample_00032|Những ngói nát gạch vụn dường như vẫn còn đang âm thầm thuật lại câu chuyện xác thực.|Những ngói nát gạch vụn dường như vẫn còn đang âm thầm thuật lại câu chuyện xác thực.
sample_00033|của những năm tháng xa xưa.|của những năm tháng xa xưa.
sample_00034|Cho đến những năm cuối đời thanh, khởi nghĩa Thái Bình Thiên Quốc nổ ra.|Cho đến những năm cuối đời thanh, khởi nghĩa Thái Bình Thiên Quốc nổ ra.
sample_00035|trên quá nửa mảnh giang sơn. Lãnh tụ của Thái Bình Thiên Quốc là Hồng Tú Toàn, người Quảng Đông.|trên quá nửa mảnh giang sơn. Lãnh tụ của Thái Bình Thiên Quốc là Hồng Tú Toàn, người Quảng Đông.
sample_00036|Cuộc khởi nghĩa đã dấy lên ở vùng Quế Tây, Việt Đông, cũng thuộc đất Lưỡng Quảng.|Cuộc khởi nghĩa đã dấy lên ở vùng Quế Tây, Việt Đông, cũng thuộc đất Lưỡng Quảng.
sample_00037|Cho nên người ta mới thường gọi là loạn diệt khấu. Trăm họ quanh làng Kim Quang phải gánh chịu cái nỗi khổ chiến loạn kéo dài gần hai mươi năm. Quan quân và nghĩa quân.|Cho nên người ta mới thường gọi là loạn diệt khấu. Trăm họ quanh làng Kim Quang phải gánh chịu cái nỗi khổ chiến loạn kéo dài gần hai mươi năm. Quan quân và nghĩa quân.
sample_00039|Mỗi lần mà chiến sự qua đi, thay người.|Mỗi lần mà chiến sự qua đi, thay người.
sample_00040|Hầu như không có ai xử lý.|Hầu như không có ai xử lý.
sample_00041|Người dân quanh vùng, có muốn cũng không có thể mang đi chôn cất vì người chết quá nhiều.|Người dân quanh vùng, có muốn cũng không có thể mang đi chôn cất vì người chết quá nhiều.
sample_00042|dù số thân xác máu thịt, đành phải để phơi ngoài đồng hoang, mặc cho Chẳng chó tha quả rỉa. chẳng những thế.|dù số thân xác máu thịt, đành phải để phơi ngoài đồng hoang, mặc cho Chẳng chó tha quả rỉa. chẳng những thế.
sample_00043|cả bọn chó làng, lợn nuôi cũng đã tới ăn thịt người chết.|cả bọn chó làng, lợn nuôi cũng đã tới ăn thịt người chết.
sample_00044|Những con lợn hay ăn xác người, trông khác hẳn những con lợn thường, người tinh mắt liếc qua một cái là phân biệt được ngay.|Những con lợn hay ăn xác người, trông khác hẳn những con lợn thường, người tinh mắt liếc qua một cái là phân biệt được ngay.
sample_00045|Bọn lợn ăn xác ấy, béo út cho đến đáng sợ, da bóng lông mượt.|Bọn lợn ăn xác ấy, béo út cho đến đáng sợ, da bóng lông mượt.
sample_00046|cả đôi mắt nhìn người ta cũng lộ ra cái vẻ hung tợn. Tuy lợn béo thật, nhưng mà những người nào biết nguyên do.|cả đôi mắt nhìn người ta cũng lộ ra cái vẻ hung tợn. Tuy lợn béo thật, nhưng mà những người nào biết nguyên do.
sample_00047|thì cả đời cũng không có dám xơi thịt lợn nữa.|thì cả đời cũng không có dám xơi thịt lợn nữa.
sample_00048|Mà đến nhìn người khác ăn vào cũng còn thấy buồn nôn.|Mà đến nhìn người khác ăn vào cũng còn thấy buồn nôn.
sample_00049|Trong làng Kim Quang có một đứa trẻ mồ côi, họ Trương, con thứ ba.|Trong làng Kim Quang có một đứa trẻ mồ côi, họ Trương, con thứ ba.
sample_00050|Hai người chị đã chết yểu từ lâu, cho nên hắn tự xưng là Trương Tam.|Hai người chị đã chết yểu từ lâu, cho nên hắn tự xưng là Trương Tam.
sample_00051|cũng chẳng hiểu tên thật của hắn là gì chỉ biết bẩm sinh tóc của hắn vừa thưa vừa vàng.|cũng chẳng hiểu tên thật của hắn là gì chỉ biết bẩm sinh tóc của hắn vừa thưa vừa vàng.
sample_00052|tới mười lăm mười sáu tuổi cũng không có tết nổi cái bím đành phải dùng cỏ bện lại gắn bừa vào.|tới mười lăm mười sáu tuổi cũng không có tết nổi cái bím đành phải dùng cỏ bện lại gắn bừa vào.
sample_00053|thành một cái biếm nhỏ nhỏ trồng như cái đuôi chó. Phàm là người quen biết đều gọi hắn là Trương Tiểu Biện.|thành một cái biếm nhỏ nhỏ trồng như cái đuôi chó. Phàm là người quen biết đều gọi hắn là Trương Tiểu Biện.
sample_00054|Trương Tiểu Biện nghèo xơ xác không có lấy một tấc lều trú thân cho nên thường quanh quẩn ở trong ngôi chùa kim quang đổ nát.|Trương Tiểu Biện nghèo xơ xác không có lấy một tấc lều trú thân cho nên thường quanh quẩn ở trong ngôi chùa kim quang đổ nát.
sample_00055|Hắn đã hất đổ tượng đất. Trải ít rơm lên trên cái bệ tượng để mà ngủ. Ban ngày thường đến các nhà giúp gánh nước.|Hắn đã hất đổ tượng đất. Trải ít rơm lên trên cái bệ tượng để mà ngủ. Ban ngày thường đến các nhà giúp gánh nước.
sample_00056|làm việc Để mà kiếm chút rau cháo qua ngày. Hắn từng có lúc theo học vị sư phó của tiệm quan tài.|làm việc Để mà kiếm chút rau cháo qua ngày. Hắn từng có lúc theo học vị sư phó của tiệm quan tài.
sample_00057|Lại cũng tự nhận vị đạo sĩ bói toán làm thầy. Xong cái thời loạn lạc này Mấy ông thầy lo thân còn chẳng nổi.|Lại cũng tự nhận vị đạo sĩ bói toán làm thầy. Xong cái thời loạn lạc này Mấy ông thầy lo thân còn chẳng nổi.
sample_00058|Nói gì đến chuyện nuôi thêm đồ đệ. Thế là mấy cái nghề đó Hắn cũng chẳng có học được cho ra ngô ra khoai.|Nói gì đến chuyện nuôi thêm đồ đệ. Thế là mấy cái nghề đó Hắn cũng chẳng có học được cho ra ngô ra khoai.
sample_00059|Có những đoạn khó khăn, mấy ngày trời chẳng có gì ăn.|Có những đoạn khó khăn, mấy ngày trời chẳng có gì ăn.
sample_00060|Trương Tiểu Biện đành phải quay sang bắt gà trộm chó hàng đêm.|Trương Tiểu Biện đành phải quay sang bắt gà trộm chó hàng đêm.
sample_00061|để cho qua cơn đói khát. Hắn biết rằng, nhà của mình trước khi mà suy vi, có ông Tổ làm quan to trong kinh thành.|để cho qua cơn đói khát. Hắn biết rằng, nhà của mình trước khi mà suy vi, có ông Tổ làm quan to trong kinh thành.
sample_00062|Trong thâm tâm, vẫn thường tự hào lắm.|Trong thâm tâm, vẫn thường tự hào lắm.
sample_00063|Phải đi trộm cắp thế này, kể cũng lấy làm nhục.|Phải đi trộm cắp thế này, kể cũng lấy làm nhục.
sample_00064|Nhưng mà trong thời buổi, binh đao loạn lạc, kiếm được cái miếng ăn đâu phải là chuyện dễ.|Nhưng mà trong thời buổi, binh đao loạn lạc, kiếm được cái miếng ăn đâu phải là chuyện dễ.
sample_00065|Bụng đói thì khó nói mạnh, bàn gì đến chuyện xuất thân này nọ chứ.|Bụng đói thì khó nói mạnh, bàn gì đến chuyện xuất thân này nọ chứ.
sample_00066|Mấy năm rồi, thiên tai địch họa liên miên cái ăn ở trong làng cũng không còn sung túc như trước.|Mấy năm rồi, thiên tai địch họa liên miên cái ăn ở trong làng cũng không còn sung túc như trước.
sample_00067|Đến rào cháo qua bữa cũng khá vất vả.|Đến rào cháo qua bữa cũng khá vất vả.
sample_00068|Đêm hôm đó, Trương Tiểu Biện đói đến mức trằn trọc mãi không có ngủ được.|Đêm hôm đó, Trương Tiểu Biện đói đến mức trằn trọc mãi không có ngủ được.
sample_00069|Hắn mới nằm ngang trên cái bệ tượng thần, chân vắt chữ ngũ, ngửa mặt, nhìn cả ánh trăng xuyên lớm đớm qua mái chùa nát.|Hắn mới nằm ngang trên cái bệ tượng thần, chân vắt chữ ngũ, ngửa mặt, nhìn cả ánh trăng xuyên lớm đớm qua mái chùa nát.
sample_00070|Trong lòng tính cách kiếm cái gì Ăn cho đỡ đói Chứ không thì thực chất Không có chịu nổi nữa rồi.|Trong lòng tính cách kiếm cái gì Ăn cho đỡ đói Chứ không thì thực chất Không có chịu nổi nữa rồi.
sample_00071|Vài năm nay hắn vẫn quen thói trộm gà Bởi vì trong làng có nhiều gà nuôi Cách ba bữa lại bắt vài con.|Vài năm nay hắn vẫn quen thói trộm gà Bởi vì trong làng có nhiều gà nuôi Cách ba bữa lại bắt vài con.
sample_00072|Trước nay Chưa có từng trộm trượt bao giờ Chưa có từng trộm trượt Không phải là vì may mắn Mà bởi vì.|Trước nay Chưa có từng trộm trượt bao giờ Chưa có từng trộm trượt Không phải là vì may mắn Mà bởi vì.
sample_00073|hắn đã nghĩ ra được một món Trộm gà hết sức độc đáo Quyết ý như vậy.|hắn đã nghĩ ra được một món Trộm gà hết sức độc đáo Quyết ý như vậy.
sample_00074|Trương Tiểu Biện mới liền nhân lúc trăng lu gió lớn mò vào trong sân ngoài của mẹ con bà Dương Quả Phụ ở trong làng. Nhà này không có đàn ông.|Trương Tiểu Biện mới liền nhân lúc trăng lu gió lớn mò vào trong sân ngoài của mẹ con bà Dương Quả Phụ ở trong làng. Nhà này không có đàn ông.
sample_00075|lại không có nuôi chó, cửa nẻo thấp nhỏ. Trương Tiểu Biện lại thuộc vị trí các ổ gà trong làng.|lại không có nuôi chó, cửa nẻo thấp nhỏ. Trương Tiểu Biện lại thuộc vị trí các ổ gà trong làng.
sample_00076|Hắn chẳng chút tốn công sức nào. Đã vượt qua cái bờ tường Phát hiện ngay con gà mái.|Hắn chẳng chút tốn công sức nào. Đã vượt qua cái bờ tường Phát hiện ngay con gà mái.
sample_00077|Đang thiêm thiếp trong chuồng. Nhìn đã rõ xong, Trương Tiểu Biện không có bắt ngay mà nhẹ nhàng.|Đang thiêm thiếp trong chuồng. Nhìn đã rõ xong, Trương Tiểu Biện không có bắt ngay mà nhẹ nhàng.
sample_00078|thò tay vào trong ổ, thi triển tuyệt chiêu độc đáo của mình, gãi nhè nhẹ vào bụng con gà mái.|thò tay vào trong ổ, thi triển tuyệt chiêu độc đáo của mình, gãi nhè nhẹ vào bụng con gà mái.
sample_00079|Phàm mỗi khi có kẻ trộm gà hay trộm khoét ổ, bọn gà chắc chắn sẽ vỗ cánh kêu toáng lên.|Phàm mỗi khi có kẻ trộm gà hay trộm khoét ổ, bọn gà chắc chắn sẽ vỗ cánh kêu toáng lên.
sample_00080|khiến cho chủ nhà thức dậy. Nhưng Trương Tiểu Biện có cách riêng của gã, chỉ gãi nhẹ có mấy lượt.|khiến cho chủ nhà thức dậy. Nhưng Trương Tiểu Biện có cách riêng của gã, chỉ gãi nhẹ có mấy lượt.
sample_00081|con gà mái ở trong chuồng chẳng những không có vỗ cánh và kêu toáng lên mà còn tỏ ra dễ chịu sung sướng.|con gà mái ở trong chuồng chẳng những không có vỗ cánh và kêu toáng lên mà còn tỏ ra dễ chịu sung sướng.
sample_00082|tựa hồ rất thích thú vì được người ta gãi ngứa hộ.|tựa hồ rất thích thú vì được người ta gãi ngứa hộ.
sample_00083|Trương Tiểu Biện mừng lắm chỉ cần là bước đầu tiên không có thất bại con gà này.|Trương Tiểu Biện mừng lắm chỉ cần là bước đầu tiên không có thất bại con gà này.
sample_00084|kể như đã vào tay của hắn rồi nhìn cái bộ dạng con gà mái hắn thầm cáo tiếc ông.|kể như đã vào tay của hắn rồi nhìn cái bộ dạng con gà mái hắn thầm cáo tiếc ông.
sample_00085|chẳng có chiều chuộng mày xuông đâu đợi khi mà về đến miếu quang vặt lông của mày mày chẳng có được dễ chịu như thế này nữa.|chẳng có chiều chuộng mày xuông đâu đợi khi mà về đến miếu quang vặt lông của mày mày chẳng có được dễ chịu như thế này nữa.
sample_00086|trong lòng mới vui vẻ một tay của hắn không ngừng gãi cho con gà tay kia đỡ cái mái chuồng gà ra.|trong lòng mới vui vẻ một tay của hắn không ngừng gãi cho con gà tay kia đỡ cái mái chuồng gà ra.
sample_00087|Định bụng ôm con gà lên theo lối phía trên. Nhưng mà có lẽ vì lâu không có trộm, ngón nghề có hơi chệch choạc.|Định bụng ôm con gà lên theo lối phía trên. Nhưng mà có lẽ vì lâu không có trộm, ngón nghề có hơi chệch choạc.
sample_00088|Cũng có khả năng vì mấy bữa đói ăn, tựu trung là tay chân hẳn có phần luống cuống.|Cũng có khả năng vì mấy bữa đói ăn, tựu trung là tay chân hẳn có phần luống cuống.
sample_00089|Đúng lúc nhấc con gà ra khỏi chuồng, chưa có kịp ôm cho chắc đã làm rớt xuống đất.|Đúng lúc nhấc con gà ra khỏi chuồng, chưa có kịp ôm cho chắc đã làm rớt xuống đất.
sample_00090|Con gà mái, nửa tỉnh nửa mê, đang lúc sung sướng, mơ màng, bỗng ngã oạch xuống.|Con gà mái, nửa tỉnh nửa mê, đang lúc sung sướng, mơ màng, bỗng ngã oạch xuống.
sample_00091|Lập tức tỉnh cơn mộng đẹp.|Lập tức tỉnh cơn mộng đẹp.
sample_00092|Đại khái nó cũng hiểu ra đây là kẻ trộm gà.|Đại khái nó cũng hiểu ra đây là kẻ trộm gà.
sample_00093|Nào có chịu buông tha chứ.|Nào có chịu buông tha chứ.
sample_00094|Nó liền mới lập tức giang cánh vỗ phành phạch, kêu loạn cả lên.|Nó liền mới lập tức giang cánh vỗ phành phạch, kêu loạn cả lên.
sample_00095|Quả nhiên khiến cho chủ nhà thức giấc.|Quả nhiên khiến cho chủ nhà thức giấc.
sample_00096|Chỉ nghe tiếng của dương quả phụ trong cửa sổ chửi vọng ra.|Chỉ nghe tiếng của dương quả phụ trong cửa sổ chửi vọng ra.
sample_00097|Cái thằng ranh nào dám vào trộm gà nhà ta chứ.|Cái thằng ranh nào dám vào trộm gà nhà ta chứ.
sample_00098|Chắc là cái thằng ranh chết bầm, Trương Tiểu Biện, ở miếu quan tài có phải không?|Chắc là cái thằng ranh chết bầm, Trương Tiểu Biện, ở miếu quan tài có phải không?
sample_00099|bà còn mỗi con gà đẻ trứng này mà mày cũng không tha sao chửi chưa có dứt lời đã thấy cửa sổ nhấc lên.|bà còn mỗi con gà đẻ trứng này mà mày cũng không tha sao chửi chưa có dứt lời đã thấy cửa sổ nhấc lên.
sample_00100|một cái thùng nước tiểu vụt bay ra trương tiểu biện thấy một vật không rõ hình thù bay ra mới vội rụt cổ tránh.|một cái thùng nước tiểu vụt bay ra trương tiểu biện thấy một vật không rõ hình thù bay ra mới vội rụt cổ tránh.
sample_00101|thúng nước tiểu giống vốn là nhắm không có chuẩn va vào tường đánh chát một cái thứ nước khai thối giải tóe ra tứ phía.|thúng nước tiểu giống vốn là nhắm không có chuẩn va vào tường đánh chát một cái thứ nước khai thối giải tóe ra tứ phía.
sample_00102|hắn biết chuyện đã chẳng xong rồi mới thầm nhủ không ngờ tiếng tăm của tam gia ta ta lần lẫy đến thế.|hắn biết chuyện đã chẳng xong rồi mới thầm nhủ không ngờ tiếng tăm của tam gia ta ta lần lẫy đến thế.
sample_00103|Đến cái mụ dương quả phụ, nghe tiếng gà động, mà cũng biết, tam gia ở đây.|Đến cái mụ dương quả phụ, nghe tiếng gà động, mà cũng biết, tam gia ở đây.
sample_00104|lại còn tương ra một cái thùng nước tiểu, vừa khai vừa thối.|lại còn tương ra một cái thùng nước tiểu, vừa khai vừa thối.
sample_00105|Rơi vào tay của mụ này, chắc ốm đòn. Tránh doi, chẳng có xấu mặt nào.|Rơi vào tay của mụ này, chắc ốm đòn. Tránh doi, chẳng có xấu mặt nào.
sample_00106|Giờ mà không chạy, còn đợi đến lúc nào nữa chứ.|Giờ mà không chạy, còn đợi đến lúc nào nữa chứ.
sample_00107|Nghĩ tới đây, trương tiểu biện, không có dám chậm trễ, mới vội tung mình, nhảy ra ngoài.|Nghĩ tới đây, trương tiểu biện, không có dám chậm trễ, mới vội tung mình, nhảy ra ngoài.
sample_00108|Bên tai, còn có tiếng của dương quả phụ, chửi bới liên thanh trong nhà.|Bên tai, còn có tiếng của dương quả phụ, chửi bới liên thanh trong nhà.
sample_00109|dường như đang bảo đứa con gái tiểu phượng sang nhà hàng xóm mượn chó đuổi trộm. Trương tiểu biện mới chửi thầm.|dường như đang bảo đứa con gái tiểu phượng sang nhà hàng xóm mượn chó đuổi trộm. Trương tiểu biện mới chửi thầm.
sample_00110|cái mụ dương này được lắm chả trách người ta vẫn bảo nhà quả phụ lắm điều nhiều tiếng lời này.|cái mụ dương này được lắm chả trách người ta vẫn bảo nhà quả phụ lắm điều nhiều tiếng lời này.
sample_00111|chẳng có sai chút nào ông trộm có mỗi một con gà mà nào có vào tay của ông chứ cớ sao.|chẳng có sai chút nào ông trộm có mỗi một con gà mà nào có vào tay của ông chứ cớ sao.
sample_00112|mụ phải đuổi tận giết tuyệt chứ đợi tam gia ta phát quan.|mụ phải đuổi tận giết tuyệt chứ đợi tam gia ta phát quan.
sample_00113|ông đền cho mụ một cái thùng nước tiểu bằng vàng đó miệng nói cứng như vậy nhưng mà dẫu sao.|ông đền cho mụ một cái thùng nước tiểu bằng vàng đó miệng nói cứng như vậy nhưng mà dẫu sao.
sample_00114|hắn vẫn có tật giật mình các nhà láng giềng xung quanh nhà nào cũng nuôi chó khi ấy.|hắn vẫn có tật giật mình các nhà láng giềng xung quanh nhà nào cũng nuôi chó khi ấy.
sample_00115|đều đã bị cái thùng nước tiểu của dương quả phụ đánh động thế là bốn phía chó sủa gà kêu cả làng loạn hết cả lên.|đều đã bị cái thùng nước tiểu của dương quả phụ đánh động thế là bốn phía chó sủa gà kêu cả làng loạn hết cả lên.
sample_00116|người ta còn tưởng là sơn tặc tới cướp làng nữa quả này dạ to rồi trường tiểu biện.|người ta còn tưởng là sơn tặc tới cướp làng nữa quả này dạ to rồi trường tiểu biện.
sample_00117|biết phải trốn đi mấy ngày mới xong nếu không cả làng ai chẳng biết Hắn trú ngụ ở miếu Kim Quang.|biết phải trốn đi mấy ngày mới xong nếu không cả làng ai chẳng biết Hắn trú ngụ ở miếu Kim Quang.
sample_00118|Nếu bị chặn bắt ở ngôi miếu nát đó thì chắp cánh cũng khó thoát.|Nếu bị chặn bắt ở ngôi miếu nát đó thì chắp cánh cũng khó thoát.
sample_00119|Vậy là hắn mới liền nhân đêm tối vội vã bỏ chạy khỏi làng.|Vậy là hắn mới liền nhân đêm tối vội vã bỏ chạy khỏi làng.
sample_00120|chạy một mạch tưởng là đứt hơi mới dám dừng chân tiếng người kêu chó sủa ở trong làng đã bặt hẳn rồi.|chạy một mạch tưởng là đứt hơi mới dám dừng chân tiếng người kêu chó sủa ở trong làng đã bặt hẳn rồi.
sample_00121|trương tiểu biện thở phào như cất được cái gánh nặng trong lòng vừa thở hổn hển vừa đưa mắt nhìn xung quanh.|trương tiểu biện thở phào như cất được cái gánh nặng trong lòng vừa thở hổn hển vừa đưa mắt nhìn xung quanh.
sample_00122|để xem mình đã chạy tới chỗ nào rồi chỉ thấy là trăng lạnh sao mờ cây khô cỏ dại trong lùm cỏ rậm rạp.|để xem mình đã chạy tới chỗ nào rồi chỉ thấy là trăng lạnh sao mờ cây khô cỏ dại trong lùm cỏ rậm rạp.
sample_00123|gò mồ nhấp nhô đá bia lổm chổm hóa ra lúc nãy hoảng quá chẳng có chọn đường.|gò mồ nhấp nhô đá bia lổm chổm hóa ra lúc nãy hoảng quá chẳng có chọn đường.
sample_00124|chạy lạc vào cái bãi tha ma phía sau làng.|chạy lạc vào cái bãi tha ma phía sau làng.
sample_00125|Bãi tha ma này nghe nói phong thủy cũng tốt lắm, lại là đất vô chủ.|Bãi tha ma này nghe nói phong thủy cũng tốt lắm, lại là đất vô chủ.
sample_00126|Người chết ở làng, xa thôn đều là mang tới đây để chôn.|Người chết ở làng, xa thôn đều là mang tới đây để chôn.
sample_00127|Vì thế, vô số mộ phần, chèn dài, thích cánh.|Vì thế, vô số mộ phần, chèn dài, thích cánh.
sample_00128|Màu đất còn tươi mới là những cái mộ mới đắp, còn những cái mộ lâu.|Màu đất còn tươi mới là những cái mộ mới đắp, còn những cái mộ lâu.
sample_00129|thì đầy cỏ dại, nhiều không có đếm xuể. Cách đây không lâu, có mấy cánh quân diệt khẩu xuất hiện ở cái địa bàn này.|thì đầy cỏ dại, nhiều không có đếm xuể. Cách đây không lâu, có mấy cánh quân diệt khẩu xuất hiện ở cái địa bàn này.
sample_00130|giao tranh ác liệt với quân binh mấy trận cũng mới vừa rút đi bỏ lại chiến trường hàng nghìn xác chết.|giao tranh ác liệt với quân binh mấy trận cũng mới vừa rút đi bỏ lại chiến trường hàng nghìn xác chết.
sample_00131|xác người không có kịp chôn cất rữa nát, bốc mùi gây ra một đợt ôn dịch nhỏ vì vậy.|xác người không có kịp chôn cất rữa nát, bốc mùi gây ra một đợt ôn dịch nhỏ vì vậy.
sample_00132|dân cư vùng lân cận chết nhiều hơn trước bãi ma này cũng bởi vì thế có thêm nhiều mộ mới.|dân cư vùng lân cận chết nhiều hơn trước bãi ma này cũng bởi vì thế có thêm nhiều mộ mới.
sample_00133|những nhà khá giả một chút thì mộ có quan tài, bia đá còn cái đám người cùng khổ thì đâu có may mắn như vậy chứ.|những nhà khá giả một chút thì mộ có quan tài, bia đá còn cái đám người cùng khổ thì đâu có may mắn như vậy chứ.
sample_00134|Khi chết, có được một cỗ áo quan mỏng là may mắn lắm rồi.|Khi chết, có được một cỗ áo quan mỏng là may mắn lắm rồi.
sample_00135|Có khi còn là phải lấy manh chiếu gai bó lại rồi vùi xuống huyệt. Nấm mồ cũng nhỏ bé đến tội.|Có khi còn là phải lấy manh chiếu gai bó lại rồi vùi xuống huyệt. Nấm mồ cũng nhỏ bé đến tội.
sample_00136|Còn bia đá bỏ được thì bỏ, lấy cái miếng gỗ cành cây cắm xuống cũng xong.|Còn bia đá bỏ được thì bỏ, lấy cái miếng gỗ cành cây cắm xuống cũng xong.
sample_00137|Những ngôi mộ mới không có được đánh dấu như thế sẽ nhanh chóng.|Những ngôi mộ mới không có được đánh dấu như thế sẽ nhanh chóng.
sample_00138|biến thành những cái nấm mồ vô chủ.|biến thành những cái nấm mồ vô chủ.
sample_00139|Đêm đến, những lúc mây đen mù mịt.|Đêm đến, những lúc mây đen mù mịt.
sample_00140|bãi tha ma lại thấp thoáng những cái đốm lửa ma trơi. thỉnh thoảng một hai con mèo hoang lao vụt ra từ cái đám cỏ.|bãi tha ma lại thấp thoáng những cái đốm lửa ma trơi. thỉnh thoảng một hai con mèo hoang lao vụt ra từ cái đám cỏ.
sample_00141|thêm vào đó là những cái âm thanh quái dị.|thêm vào đó là những cái âm thanh quái dị.
sample_00142|chẳng biết là ma kêu hay là sói gào vọng ra tích tắp bên trong khiến cho người ta nghe mà dựng cả tóc gáy.|chẳng biết là ma kêu hay là sói gào vọng ra tích tắp bên trong khiến cho người ta nghe mà dựng cả tóc gáy.
sample_00143|trương Tiểu biện vốn là một kẻ gan to bằng trời đằng nào cũng có mỗi cái mạng quèn lại nghèo khổ mạt vận.|trương Tiểu biện vốn là một kẻ gan to bằng trời đằng nào cũng có mỗi cái mạng quèn lại nghèo khổ mạt vận.
sample_00144|ở đâu cũng thế cả vì thế xưa nay đều là chẳng có đếm xỉa ma cũng chẳng có sợ quỷ thần.|ở đâu cũng thế cả vì thế xưa nay đều là chẳng có đếm xỉa ma cũng chẳng có sợ quỷ thần.
sample_00145|giả như là không có lớn mật như thế thì làm sao mà đêm đêm hắn dám một mình ở trên cái miếu hoang nhập nhoạng kia chứ.|giả như là không có lớn mật như thế thì làm sao mà đêm đêm hắn dám một mình ở trên cái miếu hoang nhập nhoạng kia chứ.
sample_00146|chỉ có điều tự dưng chạy lạc vào cái bãi tha ma như thế hắn cũng cảm thấy sợ mới vội vã nhìn tứ phía.|chỉ có điều tự dưng chạy lạc vào cái bãi tha ma như thế hắn cũng cảm thấy sợ mới vội vã nhìn tứ phía.
sample_00148|các vị đại ca đại tỷ.|các vị đại ca đại tỷ.
sample_00149|tiểu nhân là trương tam không có dám mạo phạm đâu, chỉ là vô tình làm kinh động, xin đừng có trách mắng nha, đừng, đừng có trách mắng.|tiểu nhân là trương tam không có dám mạo phạm đâu, chỉ là vô tình làm kinh động, xin đừng có trách mắng nha, đừng, đừng có trách mắng.
sample_00150|Nói xong, hắn định quay người rời đi.|Nói xong, hắn định quay người rời đi.
sample_00151|Chính lúc đó, đột nhiên nghe thấy bên trong cái nấm mồ sau lưng.|Chính lúc đó, đột nhiên nghe thấy bên trong cái nấm mồ sau lưng.
sample_00152|nổi lên một tràn thùng, thùng, thùng. Tự nhiên là có người nào đang dùng hết sức.|nổi lên một tràn thùng, thùng, thùng. Tự nhiên là có người nào đang dùng hết sức.
sample_00153|đập vào cánh cửa gỗ. Nhưng, nhưng mà trong cái bãi tha ma lổn nhổn này lấy đâu ra nhà cửa âm thanh ấy.|đập vào cánh cửa gỗ. Nhưng, nhưng mà trong cái bãi tha ma lổn nhổn này lấy đâu ra nhà cửa âm thanh ấy.
sample_00154|nhất định cái tiếng đập nắp quan tài rồi.|nhất định cái tiếng đập nắp quan tài rồi.
sample_00155|Đương lúc đêm khuya, bốn bề vắng lặng lạ thường, khiến cho tiếng đập nắp quan tài càng nghe.|Đương lúc đêm khuya, bốn bề vắng lặng lạ thường, khiến cho tiếng đập nắp quan tài càng nghe.
sample_00156|càng kinh hồn tán đởm. Trương tiểu biện thấy cái bím nhỏ sau gáy đã dựng đứng lên, nhưng mà hắn.|càng kinh hồn tán đởm. Trương tiểu biện thấy cái bím nhỏ sau gáy đã dựng đứng lên, nhưng mà hắn.
sample_00157|không có lập tức bỏ chạy ngay.|không có lập tức bỏ chạy ngay.
sample_00158|Cuộc đào thoát bở hơi tai vừa rồi, cộng thêm cái bụng đói meo, khiến cho hắn không có thể nhấc nổi chân lên nữa.|Cuộc đào thoát bở hơi tai vừa rồi, cộng thêm cái bụng đói meo, khiến cho hắn không có thể nhấc nổi chân lên nữa.
sample_00159|Chỉ lấy ống tay áo, quệt nước mũi, quan sát các cái nấm mồ xung quanh.|Chỉ lấy ống tay áo, quệt nước mũi, quan sát các cái nấm mồ xung quanh.
sample_00160|Lòng thầm nghĩ Không biết cái mã chết toi nào Đang đùa giỡn với tam gia của ta.|Lòng thầm nghĩ Không biết cái mã chết toi nào Đang đùa giỡn với tam gia của ta.
sample_00161|Tam gia Chẳng phải là vừa khẩn vái chúng bay rồi còn gì nữa Sao mà vẫn còn lằng nhằng Không tha vậy.|Tam gia Chẳng phải là vừa khẩn vái chúng bay rồi còn gì nữa Sao mà vẫn còn lằng nhằng Không tha vậy.
sample_00162|Định dọa để cho tam gia Phải rập đầu xin chắc tiếng đập quan tài Trong cái nấm mồ kia càng lúc càng to.|Định dọa để cho tam gia Phải rập đầu xin chắc tiếng đập quan tài Trong cái nấm mồ kia càng lúc càng to.
sample_00163|Trương Tiểu Biện, hồ nghi Đây là cái bọn trộm mộ Đang cạy nắp quan tài Phải lại đó.|Trương Tiểu Biện, hồ nghi Đây là cái bọn trộm mộ Đang cạy nắp quan tài Phải lại đó.
sample_00164|xem cái thứ gì tác quái mới được Nếu đúng là cái phường trộm.|xem cái thứ gì tác quái mới được Nếu đúng là cái phường trộm.
sample_00166|phỏng tay trên của nó ít tang vật thế gọi là cá lớn nuốt cá bé càng nuốt.|phỏng tay trên của nó ít tang vật thế gọi là cá lớn nuốt cá bé càng nuốt.
sample_00167|càng béo. Hắn mới đi vài bước ra phía sau ngôi mộ ấy.|càng béo. Hắn mới đi vài bước ra phía sau ngôi mộ ấy.
sample_00168|Đó là một nấm mộ vô chủ còn mới. Gò đất bị ai đó.|Đó là một nấm mộ vô chủ còn mới. Gò đất bị ai đó.
sample_00169|đào lên một cái lỗ lớn âm thanh quái dị thùng thùng thùng kia.|đào lên một cái lỗ lớn âm thanh quái dị thùng thùng thùng kia.
sample_00170|từ phía dưới vọng lên hắn vừa bước tới gần đã nghe cái tiếng gầm gừ rất lớn giọng lên.|từ phía dưới vọng lên hắn vừa bước tới gần đã nghe cái tiếng gầm gừ rất lớn giọng lên.
sample_00171|từ cái hố bên cạnh cái nắm mộ.|từ cái hố bên cạnh cái nắm mộ.
sample_00172|Một cái mặt đầy lông, lem luốc, màu máu thò ra.|Một cái mặt đầy lông, lem luốc, màu máu thò ra.
sample_00173|Trên trán của nó mọc một cái u lớn hình bầu dục, lưỡi thè ra đỏ lòm, răng nanh ở bên mép còn dính cái vết máu.|Trên trán của nó mọc một cái u lớn hình bầu dục, lưỡi thè ra đỏ lòm, răng nanh ở bên mép còn dính cái vết máu.
sample_00174|Hai mắt lóe lên vẻ hung ác.|Hai mắt lóe lên vẻ hung ác.
sample_00175|hằn học nhìn vào trương tiểu biện.|hằn học nhìn vào trương tiểu biện.
sample_00176|Trương tiểu biện thầm kêu khổ.|Trương tiểu biện thầm kêu khổ.
sample_00177|Sao mà hắn không có nghĩ đến cái của nợ này cơ chứ?|Sao mà hắn không có nghĩ đến cái của nợ này cơ chứ?
sample_00178|Bây giờ hiểu ra thì cũng đã muộn rồi.|Bây giờ hiểu ra thì cũng đã muộn rồi.
sample_00179|Chỉ còn cách lẩn vào bụi rậm mà thoát thôi.|Chỉ còn cách lẩn vào bụi rậm mà thoát thôi.
sample_00180|Thì ra Chó quang xưa nay và ngày nay Không có giống nhau Sau giải phóng xã hội ổn định.|Thì ra Chó quang xưa nay và ngày nay Không có giống nhau Sau giải phóng xã hội ổn định.
sample_00181|Rồi có một số loài chó hoang Đã dần tuyệt tích Còn giữa cái thời loạn lạc Mạng người như cỏ rác.|Rồi có một số loài chó hoang Đã dần tuyệt tích Còn giữa cái thời loạn lạc Mạng người như cỏ rác.
sample_00182|Bởi người chết quá nhiều Cho nên chuyện thi thể phơi giữa đồng Ở đâu cũng có Thế nên.|Bởi người chết quá nhiều Cho nên chuyện thi thể phơi giữa đồng Ở đâu cũng có Thế nên.
sample_00183|những cái động vật ăn xác chết cũng rất nhiều Ở vùng nông thôn hoang giả có một loại chó quang chuyên ăn xác.|những cái động vật ăn xác chết cũng rất nhiều Ở vùng nông thôn hoang giả có một loại chó quang chuyên ăn xác.
sample_00184|Đánh hơi thấy cái mùi người chết. là bới lỗ trên mộ, đào xuống đến quan tài thì mới dùng đầu.|Đánh hơi thấy cái mùi người chết. là bới lỗ trên mộ, đào xuống đến quan tài thì mới dùng đầu.
sample_00185|húc cho vỡ cái áo quan để mà lôi người chết ra mà ăn ruột gan.|húc cho vỡ cái áo quan để mà lôi người chết ra mà ăn ruột gan.
sample_00186|Loại chó hoang này vóc dáng cao lớn, tính tình hung tàn, ăn nhiều phủ ngũ tạng của người chết, đâm ra.|Loại chó hoang này vóc dáng cao lớn, tính tình hung tàn, ăn nhiều phủ ngũ tạng của người chết, đâm ra.
sample_00187|không có muốn ăn bất cứ cái thứ gì khác. Có những lúc gặp người sống đi đơn độc, chúng cũng bổ nhào đến cắn chết ăn thịt.|không có muốn ăn bất cứ cái thứ gì khác. Có những lúc gặp người sống đi đơn độc, chúng cũng bổ nhào đến cắn chết ăn thịt.
sample_00188|Những con chó hoang có bú máu là do ăn nhiều người chết Từ khi mà ám khí nặng nề trên cơ thể.|Những con chó hoang có bú máu là do ăn nhiều người chết Từ khi mà ám khí nặng nề trên cơ thể.
sample_00189|răng có độc của người chết Bị nó cắn thì coi như là rồi đời Đặc trưng của nó.|răng có độc của người chết Bị nó cắn thì coi như là rồi đời Đặc trưng của nó.
sample_00190|là trên trán có một cái bướu đỏ màu máu.|là trên trán có một cái bướu đỏ màu máu.
sample_00191|Cứng hơn cả bú sắc Quan tài của người nghèo vừa mỏng vừa rẻ Cùng lắm dày không có quá ba phân gỗ bách.|Cứng hơn cả bú sắc Quan tài của người nghèo vừa mỏng vừa rẻ Cùng lắm dày không có quá ba phân gỗ bách.
sample_00192|ván quan tài bị cái loài chó này húc đầu vào dài lượt là sẽ dở ngay Những cái quang tài đơn sơn như thế.|ván quan tài bị cái loài chó này húc đầu vào dài lượt là sẽ dở ngay Những cái quang tài đơn sơn như thế.
sample_00193|có tên gọi là quan tài chó húc.|có tên gọi là quan tài chó húc.
sample_00194|Ý nghĩa hết sức dễ hiểu.|Ý nghĩa hết sức dễ hiểu.
sample_00195|tang gia mua một quan tài chó húc về để mà tẩn liệm mai táng người chết.|tang gia mua một quan tài chó húc về để mà tẩn liệm mai táng người chết.
sample_00196|đã là tận tâm lắm rồi. Sau đó thì cái vị trong quan tài kia cứ ở đó đợi chó hoang đến xơi dần.|đã là tận tâm lắm rồi. Sau đó thì cái vị trong quan tài kia cứ ở đó đợi chó hoang đến xơi dần.
sample_00197|Xong cái thời đó đến quan tài chó húc ba phân gỗ này cũng không đủ mà bán.|Xong cái thời đó đến quan tài chó húc ba phân gỗ này cũng không đủ mà bán.
sample_00198|Đúng là người không có lòng hại chó, chó lại có ý giết người.|Đúng là người không có lòng hại chó, chó lại có ý giết người.
sample_00199|Xong cái thời đó, đến quan tài chó húc, ba phân gỗ này.|Xong cái thời đó, đến quan tài chó húc, ba phân gỗ này.
sample_00200|cũng không có đủ mà bán. Chương hai Mộ Mèo Khóc Nói đến đoạn.|cũng không có đủ mà bán. Chương hai Mộ Mèo Khóc Nói đến đoạn.
sample_00201|trương tiểu biện, nửa đêm hôm, trộm gà không thành, chạy nhầm vào cái bãi tha ma hoang vắng, làm kinh động con chó hoang.|trương tiểu biện, nửa đêm hôm, trộm gà không thành, chạy nhầm vào cái bãi tha ma hoang vắng, làm kinh động con chó hoang.
sample_00202|đang húc mả ăn xác.|đang húc mả ăn xác.
sample_00203|Con chó đào được một ngôi mộ mới, vừa húc thủng cái ván áo quan.|Con chó đào được một ngôi mộ mới, vừa húc thủng cái ván áo quan.
sample_00205|sọc thẳng vào kẻ mới đến cắn xé Trương Tiểu Biện thấy Nguy mới vội la lên.|sọc thẳng vào kẻ mới đến cắn xé Trương Tiểu Biện thấy Nguy mới vội la lên.
sample_00206|Có giỏi thì đứng yên đó, đứng yên đó.|Có giỏi thì đứng yên đó, đứng yên đó.
sample_00207|Lời chưa dứt đã quay đầu bỏ chạy rồi.|Lời chưa dứt đã quay đầu bỏ chạy rồi.
sample_00208|Rõ ràng còn cất chân không nổi.|Rõ ràng còn cất chân không nổi.
sample_00209|Nhưng mà trong cơn kinh hoàng chẳng hiểu hắn lấy sức lực ở đâu ra.|Nhưng mà trong cơn kinh hoàng chẳng hiểu hắn lấy sức lực ở đâu ra.
sample_00210|Sải bước chạy như bay trong bãi tha ma.|Sải bước chạy như bay trong bãi tha ma.
sample_00211|Hắn thừa hiểu rằng nếu cứ thế mà chạy, chưa có được mười bước, ắt sẽ bị con chó hoang vồ được mà móc ruột ra.|Hắn thừa hiểu rằng nếu cứ thế mà chạy, chưa có được mười bước, ắt sẽ bị con chó hoang vồ được mà móc ruột ra.
sample_00212|Vậy là liền nảy ra một ý Đứng phắt lại tránh khỏi một cái vồ của con chó Đang đuổi sau lưng.|Vậy là liền nảy ra một ý Đứng phắt lại tránh khỏi một cái vồ của con chó Đang đuổi sau lưng.
sample_00213|Rồi mới chạy chéo vào ở phía sau bãi tha ma Mượn cái đám bia mộ ẩn nấp tránh né.|Rồi mới chạy chéo vào ở phía sau bãi tha ma Mượn cái đám bia mộ ẩn nấp tránh né.
sample_00214|Con chó hoang vồ hụt một phát Mới càng điên tiết Lập tức quay đầu lại Gục gặt cây bú to đỏ như máu.|Con chó hoang vồ hụt một phát Mới càng điên tiết Lập tức quay đầu lại Gục gặt cây bú to đỏ như máu.
sample_00215|Cắm đầu đuổi sát trương tiểu biện chực cắn. Trương tiểu biện chạy quanh co trong rừng bia mộ và các cái nấm mồ.|Cắm đầu đuổi sát trương tiểu biện chực cắn. Trương tiểu biện chạy quanh co trong rừng bia mộ và các cái nấm mồ.
sample_00216|Địa thế bãi tha ma, cao thấp lô nhô.|Địa thế bãi tha ma, cao thấp lô nhô.
sample_00217|Ngăn bước truy đuổi điên cuồng của con chó hoang.|Ngăn bước truy đuổi điên cuồng của con chó hoang.
sample_00218|Một người một chó cứ thế mà đuổi bắt quanh mấy ngôi mộ thành một cái vòng tròn.|Một người một chó cứ thế mà đuổi bắt quanh mấy ngôi mộ thành một cái vòng tròn.
sample_00219|Con chó hoang hung hăng tàn bạo tuy là mắt thấy cái miếng mồi sống đã đến tận miệng rồi mà nhất thời.|Con chó hoang hung hăng tàn bạo tuy là mắt thấy cái miếng mồi sống đã đến tận miệng rồi mà nhất thời.
sample_00220|cũng khó vồ lấy được ngay.|cũng khó vồ lấy được ngay.
sample_00221|Rốt cuộc con chó hoang cũng đã hiểu ra nó không có lòng vòng đuổi theo trương tiểu biện giữa cái đám mộ hoang nữa.|Rốt cuộc con chó hoang cũng đã hiểu ra nó không có lòng vòng đuổi theo trương tiểu biện giữa cái đám mộ hoang nữa.
sample_00222|mà nhảy chồm lên một ngôi mồ cao định bụng lấy cái cách ở trên cao đánh thấp.|mà nhảy chồm lên một ngôi mồ cao định bụng lấy cái cách ở trên cao đánh thấp.
sample_00223|từ trên ấy vồ thẳng xuống mà thịt người chiêu này gọi là chó cùng rứt giậu kỳ thật ra.|từ trên ấy vồ thẳng xuống mà thịt người chiêu này gọi là chó cùng rứt giậu kỳ thật ra.
sample_00224|dẫu cho nó không có làm như thế vị Trương Tam gia kia cũng sắp chạy không có nổi nữa rồi lúc này hắn đang thở hổn hển.|dẫu cho nó không có làm như thế vị Trương Tam gia kia cũng sắp chạy không có nổi nữa rồi lúc này hắn đang thở hổn hển.
sample_00225|lồng ngực như muốn nổ tung ra nhưng mà chó cùng thì rứt giậu người ta khó thì ló cái khôn Trương tiểu biện.|lồng ngực như muốn nổ tung ra nhưng mà chó cùng thì rứt giậu người ta khó thì ló cái khôn Trương tiểu biện.
sample_00226|thấy mình lâm vào cái đường cùng tự dưng cái mật lại to ra liền mới bỏ qua cái chuyện sống chết.|thấy mình lâm vào cái đường cùng tự dưng cái mật lại to ra liền mới bỏ qua cái chuyện sống chết.
sample_00227|khom lưng ngồi xổm xuống đất Không có chạy nữa xưa nay việc quân chẳng ngại dối trá Chiêu này của Tam gia.|khom lưng ngồi xổm xuống đất Không có chạy nữa xưa nay việc quân chẳng ngại dối trá Chiêu này của Tam gia.
sample_00228|cũng tuyệt không phải là cái dũng của kẻ thất phu. Đi đêm ở đường làng thường gặp phải.|cũng tuyệt không phải là cái dũng của kẻ thất phu. Đi đêm ở đường làng thường gặp phải.
sample_00229|lúc chó hoang lan sói. Sau nhiều bài học xương máu, dân gian đã đúc kết ra một số phòng thân. Có câu tục ngữ rất hay rằng.|lúc chó hoang lan sói. Sau nhiều bài học xương máu, dân gian đã đúc kết ra một số phòng thân. Có câu tục ngữ rất hay rằng.
sample_00230|Chó sợ khom lưng, soi kình thúc trống. Lan sói.|Chó sợ khom lưng, soi kình thúc trống. Lan sói.
sample_00231|chó hoang, dẫu là hung hăng đến mấy, đều có nhược điểm.|chó hoang, dẫu là hung hăng đến mấy, đều có nhược điểm.
sample_00232|Tính đa nghi của loài sói nặng nhất.|Tính đa nghi của loài sói nặng nhất.
sample_00233|Một người đi đêm, một mình gặp sói, thì khó mà không táng đởm kinh hồn cho được.|Một người đi đêm, một mình gặp sói, thì khó mà không táng đởm kinh hồn cho được.
sample_00234|Nhưng mà nếu bỏ chạy, mười phần chắc chính là bị sói đuổi theo kịp xơi tái.|Nhưng mà nếu bỏ chạy, mười phần chắc chính là bị sói đuổi theo kịp xơi tái.
sample_00235|Hẳn như lúc ấy có thể bình tĩnh, giả tản lờ con ác thú đi, thò tay vào túi, mò bên này, sờ bên nọ.|Hẳn như lúc ấy có thể bình tĩnh, giả tản lờ con ác thú đi, thò tay vào túi, mò bên này, sờ bên nọ.
sample_00236|làm những cái việc mà chính anh ta cũng không biết mình đang làm cái gì nữa.|làm những cái việc mà chính anh ta cũng không biết mình đang làm cái gì nữa.
sample_00237|Con sói sẽ không có dám mạo hiểm xông tới cắn.|Con sói sẽ không có dám mạo hiểm xông tới cắn.
sample_00238|Nó nghi ngờ cái anh này đang bày mưu bắt nó.|Nó nghi ngờ cái anh này đang bày mưu bắt nó.
sample_00239|Còn cái bọn chó hoang lại sợ người ta khom người bởi vì anh ta đang cúi xuống.|Còn cái bọn chó hoang lại sợ người ta khom người bởi vì anh ta đang cúi xuống.
sample_00240|lượm cái gậy để mà đánh nó. Dẫu cho con nó hung hăng bao nhiêu mặt lòng.|lượm cái gậy để mà đánh nó. Dẫu cho con nó hung hăng bao nhiêu mặt lòng.
sample_00241|bẩm sinh cái loài chó hết sức sợ những cái thứ côn bổng ấy rồi.|bẩm sinh cái loài chó hết sức sợ những cái thứ côn bổng ấy rồi.
sample_00242|Vậy nên đám hành khất đều đem theo đả cẩu bổng là như thế.|Vậy nên đám hành khất đều đem theo đả cẩu bổng là như thế.
sample_00243|Nhưng mà Trương Tiểu Biện cũng thật là đen đủi.|Nhưng mà Trương Tiểu Biện cũng thật là đen đủi.
sample_00244|Đại khái, hắn làm nhiều cái việc bắt gà trộm chó, lúc nào cũng mặt la mày lét, chính khí không có đủ.|Đại khái, hắn làm nhiều cái việc bắt gà trộm chó, lúc nào cũng mặt la mày lét, chính khí không có đủ.
sample_00245|lúc này đã khom lưng, giả tảng, nhặt gậy đánh chó, mà con chó hoang không có bị mắc lừa.|lúc này đã khom lưng, giả tảng, nhặt gậy đánh chó, mà con chó hoang không có bị mắc lừa.
sample_00246|nó thuận thế, nhảy vọt từ trên cái nấm mồ xuống, hùng hổ, vồ vào Trương Tiểu Biện.|nó thuận thế, nhảy vọt từ trên cái nấm mồ xuống, hùng hổ, vồ vào Trương Tiểu Biện.
sample_00247|Trương Tiểu Biện kêu trời một tiếng, nghĩ mình chắc là phải bỏ mạng ở đây rồi chẳng ngờ gò mộ phía sau lưng của hắn.|Trương Tiểu Biện kêu trời một tiếng, nghĩ mình chắc là phải bỏ mạng ở đây rồi chẳng ngờ gò mộ phía sau lưng của hắn.
sample_00248|có một khe hở ở chỗ phình ra hình thành một cái hang thiên nhiên bên ngoài cửa hang bị cỏ lát che khuất.|có một khe hở ở chỗ phình ra hình thành một cái hang thiên nhiên bên ngoài cửa hang bị cỏ lát che khuất.
sample_00249|có đi đến gần có cũng không có trông rõ lúc ấy hắn đã bị con chó dữ vồ ngã lăn cả người lẫn chó.|có đi đến gần có cũng không có trông rõ lúc ấy hắn đã bị con chó dữ vồ ngã lăn cả người lẫn chó.
sample_00250|cùng rơi xuống trong hang mộ khe nứt cái chỗ gò mộ tuy sâu nhưng mà cái chỗ cuốn khe thì lại chật hẹp.|cùng rơi xuống trong hang mộ khe nứt cái chỗ gò mộ tuy sâu nhưng mà cái chỗ cuốn khe thì lại chật hẹp.
sample_00251|Trương Tiểu Biện người gầy gò Cứ thế theo cái đường dốc của khe nứt Mà lăn thẳng xuống dưới.|Trương Tiểu Biện người gầy gò Cứ thế theo cái đường dốc của khe nứt Mà lăn thẳng xuống dưới.
sample_00252|Còn con chó hoang kia Thường nhật hay ăn ruột gan của người chết thân thể to lớn như một con ngé Bị kẹt cứng.|Còn con chó hoang kia Thường nhật hay ăn ruột gan của người chết thân thể to lớn như một con ngé Bị kẹt cứng.
sample_00253|ở chỗ đường hẹp giãy giụa một hồi tiến lui đều chẳng được Trương Tiểu Biện giữ được cái mạng.|ở chỗ đường hẹp giãy giụa một hồi tiến lui đều chẳng được Trương Tiểu Biện giữ được cái mạng.
sample_00254|Cũng chẳng có thiết đến Người đang đau như dần. Lúc này đã rơi xuống đến dưới khe nứt Bốn phía tối đen như mực.|Cũng chẳng có thiết đến Người đang đau như dần. Lúc này đã rơi xuống đến dưới khe nứt Bốn phía tối đen như mực.
sample_00255|xòe bàn tay cũng không thấy ngón nhưng mà rốt cuộc mình đang ở đâu chứ hắn cố căng con mắt nhìn.|xòe bàn tay cũng không thấy ngón nhưng mà rốt cuộc mình đang ở đâu chứ hắn cố căng con mắt nhìn.
sample_00256|thấy phía xa xa chợt mờ chợt tỏ như có ánh đèn liền mới sóc lại tinh thần mò mẫm đi đến.|thấy phía xa xa chợt mờ chợt tỏ như có ánh đèn liền mới sóc lại tinh thần mò mẫm đi đến.
sample_00257|một loáng sau đi hết cái bờ đất hắn sờ phải một bức tường đá lạnh ghê người rờ rẫm.|một loáng sau đi hết cái bờ đất hắn sờ phải một bức tường đá lạnh ghê người rờ rẫm.
sample_00258|thấy cái phiến đá to lớn lạ thường hơi bức buốt thấu xương cái tường đá nứt ra một khe hở qua khe hở.|thấy cái phiến đá to lớn lạ thường hơi bức buốt thấu xương cái tường đá nứt ra một khe hở qua khe hở.
sample_00259|thấy đằng sau là một gian điện đá trên tường gắn một dãy đèn chiêu hồn nhỏ như hạt đậu cháy leo lét.|thấy đằng sau là một gian điện đá trên tường gắn một dãy đèn chiêu hồn nhỏ như hạt đậu cháy leo lét.
sample_00260|trường tiểu biện chẳng cần biết hay dở thế nào cứ thấy quan đèn là chui tọt qua cái khe nứt vào bên trong.|trường tiểu biện chẳng cần biết hay dở thế nào cứ thấy quan đèn là chui tọt qua cái khe nứt vào bên trong.
sample_00261|đến khi nhìn rõ quang cảnh bên trong minh điện.|đến khi nhìn rõ quang cảnh bên trong minh điện.
sample_00262|hắn càng kinh ngạc khôn siết dưới ngọn đèn chiêu hồn đặt cái loại quan tài bằng đá xanh bên trên.|hắn càng kinh ngạc khôn siết dưới ngọn đèn chiêu hồn đặt cái loại quan tài bằng đá xanh bên trên.
sample_00263|là thi hài của một thiếu phụ trẻ chừng mười tám mười chín áo liệm trên người rộng thùng thình đính nhiều vàng bạc.|là thi hài của một thiếu phụ trẻ chừng mười tám mười chín áo liệm trên người rộng thùng thình đính nhiều vàng bạc.
sample_00264|trông đến xa hoa lộng lẫy xem lối phục sức rõ ràng không phải là người thời nay song người thiếu phụ trẻ này.|trông đến xa hoa lộng lẫy xem lối phục sức rõ ràng không phải là người thời nay song người thiếu phụ trẻ này.
sample_00265|tóc mây da trắng mặt mày thanh tú thoát tục chẳng có giống tử thi đã chết hàng trăm năm cái gì cả.|tóc mây da trắng mặt mày thanh tú thoát tục chẳng có giống tử thi đã chết hàng trăm năm cái gì cả.
sample_00266|Trương tiểu biện sợ thì vẫn sợ nhưng mà đang lúc đường sinh nhai bế tắc nghèo khổ đói rách chẳng có cái ăn.|Trương tiểu biện sợ thì vẫn sợ nhưng mà đang lúc đường sinh nhai bế tắc nghèo khổ đói rách chẳng có cái ăn.
sample_00267|Trước cái đống châu báu vàng bạc lấp lánh, trong ánh đèn chiêu hồn, sao có thể không động lòng cho được chứ?|Trước cái đống châu báu vàng bạc lấp lánh, trong ánh đèn chiêu hồn, sao có thể không động lòng cho được chứ?
sample_00268|bày rất nhiều người ngựa bằng giấy hình thù quái dị bên cạnh xác chết còn có một vũng nước xanh biếc trong vắt.|bày rất nhiều người ngựa bằng giấy hình thù quái dị bên cạnh xác chết còn có một vũng nước xanh biếc trong vắt.
sample_00269|Sau một phen chạy trốn vừa rồi, Trương Tiểu Biện thấy miệng khô lưỡi đắng.|Sau một phen chạy trốn vừa rồi, Trương Tiểu Biện thấy miệng khô lưỡi đắng.
sample_00270|hơn cả nước Cam Lộ đó.|hơn cả nước Cam Lộ đó.
sample_00271|rốt cuộc ra sao, hắn vẫn chưa có từng được nếm thử bao giờ.|rốt cuộc ra sao, hắn vẫn chưa có từng được nếm thử bao giờ.
sample_00272|uống nước xong, đầu óc đã tỉnh táo phần nào, hắn mới tự nhủ, thói đời chẳng gan thì chết no.|uống nước xong, đầu óc đã tỉnh táo phần nào, hắn mới tự nhủ, thói đời chẳng gan thì chết no.
sample_00273|Cái thằng nhát thì chết đói.|Cái thằng nhát thì chết đói.
sample_00274|Đã là kẻ cùng khổ thì một liều, ba bảy cũng liều.|Đã là kẻ cùng khổ thì một liều, ba bảy cũng liều.
sample_00275|Vậy là hắn mới nổi tà niệm, tiến lại gần cái xác, rút trâm vàng, tháo vòng ngọc, lột hài thêu.|Vậy là hắn mới nổi tà niệm, tiến lại gần cái xác, rút trâm vàng, tháo vòng ngọc, lột hài thêu.
sample_00276|lấy hết những thứ đáng giá rồi cởi cả cái tấm áo liệm của thiếu phụ để làm thành cái tay nải.|lấy hết những thứ đáng giá rồi cởi cả cái tấm áo liệm của thiếu phụ để làm thành cái tay nải.
sample_00277|vừa khấn vái với xác để trấn an xem tiểu nương tử vàng bạc đầy người hồi còn sống.|vừa khấn vái với xác để trấn an xem tiểu nương tử vàng bạc đầy người hồi còn sống.
sample_00278|hẳn là một quý nhân sung sướng tiểu nhân sinh ra là số khổ rồi ba tháng nay.|hẳn là một quý nhân sung sướng tiểu nhân sinh ra là số khổ rồi ba tháng nay.
sample_00279|chưa có được nếm thử cái mùi thịt rồi giờ không có còn kế sinh nhai bất đắc dĩ.|chưa có được nếm thử cái mùi thịt rồi giờ không có còn kế sinh nhai bất đắc dĩ.
sample_00280|đành phải mượn tạm vài thứ linh tinh đổi gạo dầu mắm muối qua ngày xin cô đừng có trách nha.|đành phải mượn tạm vài thứ linh tinh đổi gạo dầu mắm muối qua ngày xin cô đừng có trách nha.
sample_00281|về sao nhược bằng mà tiểu nhân được mở mày mở mặt nhất định sẽ đốt vàng thắp hương tạ ơn cô.|về sao nhược bằng mà tiểu nhân được mở mày mở mặt nhất định sẽ đốt vàng thắp hương tạ ơn cô.
sample_00283|trương tiểu biện chợt nghe có tiếng mèo kêu ở góc gian điện đá hắn vội vã quay lại nhìn chỉ thấy.|trương tiểu biện chợt nghe có tiếng mèo kêu ở góc gian điện đá hắn vội vã quay lại nhìn chỉ thấy.
sample_00284|trong một góc tối om có một con mèo hoang to tướng bò ra nhưng việc ngoài sức tưởng tượng là con mèo đó.|trong một góc tối om có một con mèo hoang to tướng bò ra nhưng việc ngoài sức tưởng tượng là con mèo đó.
sample_00285|lại phát ra cái tiếng người khóc ai oán như là mưa sầu gió thảm vậy Trương Tiểu Biện đã từng thấy.|lại phát ra cái tiếng người khóc ai oán như là mưa sầu gió thảm vậy Trương Tiểu Biện đã từng thấy.
sample_00286|cảnh đám khóc trước linh cữu khi mà đưa ma con mèo hoang này sao mà lại như đang khóc người chết vậy.|cảnh đám khóc trước linh cữu khi mà đưa ma con mèo hoang này sao mà lại như đang khóc người chết vậy.
sample_00287|chẳng lẽ mèo già đã quá thành yêu tinh sao. Con mèo hoang to con như thế không có trông thấy Trương Tiểu Biện.|chẳng lẽ mèo già đã quá thành yêu tinh sao. Con mèo hoang to con như thế không có trông thấy Trương Tiểu Biện.
sample_00288|có thể trong hai con mắt như hai ngọn đèn đỏ cất tiếng khóc thống thiết.|có thể trong hai con mắt như hai ngọn đèn đỏ cất tiếng khóc thống thiết.
sample_00289|trong không gian yên ắng dưới lòng đất tiếng mèo khóc the thé chói tai khiến cho từ sâu trong lòng của Trương Tiểu Biện cảm thấy.|trong không gian yên ắng dưới lòng đất tiếng mèo khóc the thé chói tai khiến cho từ sâu trong lòng của Trương Tiểu Biện cảm thấy.
sample_00290|hết sức là bực mình con mèo già này mà cũng dọa ma dọa quỷ sao, tự dưng trong lòng liền nảy sinh ác ý.|hết sức là bực mình con mèo già này mà cũng dọa ma dọa quỷ sao, tự dưng trong lòng liền nảy sinh ác ý.
sample_00291|nghĩ đến đây nhân lúc con mèo hoang không có đề phòng hắn bất ngờ cầm cả cái tay nải chứa đầy vàng bạc châu báu.|nghĩ đến đây nhân lúc con mèo hoang không có đề phòng hắn bất ngờ cầm cả cái tay nải chứa đầy vàng bạc châu báu.
sample_00292|đè nghiến nó xuống chỉ thấy con mèo hoang giãy giụa một hồi đã bị đè chết luôn tại chỗ Trương Tiểu Biện mới nghĩ thầm.|đè nghiến nó xuống chỉ thấy con mèo hoang giãy giụa một hồi đã bị đè chết luôn tại chỗ Trương Tiểu Biện mới nghĩ thầm.
sample_00293|bây giờ đang đói đến nỗi không có nhấc chân nổi về cái làng Kim Quang nữa Tam Gia Ta đã làm thì làm cho trót.|bây giờ đang đói đến nỗi không có nhấc chân nổi về cái làng Kim Quang nữa Tam Gia Ta đã làm thì làm cho trót.
sample_00294|cứ thịt con mèo già thành tinh này đi để tế cái dạ dày của mình xem rốt cuộc đọa hành con mèo già hay là.|cứ thịt con mèo già thành tinh này đi để tế cái dạ dày của mình xem rốt cuộc đọa hành con mèo già hay là.
sample_00295|của Tam Gia Ta thâm hậu hơn chứ Trương Tiểu Biện to gan lớn mật ý mình hồi trước.|của Tam Gia Ta thâm hậu hơn chứ Trương Tiểu Biện to gan lớn mật ý mình hồi trước.
sample_00296|cũng từng theo học một lão đạo sĩ học về bùa bắt quỷ chẳng có thèm để ý đến mấy cái chuyện âm ti địa phủ cái gì đó.|cũng từng theo học một lão đạo sĩ học về bùa bắt quỷ chẳng có thèm để ý đến mấy cái chuyện âm ti địa phủ cái gì đó.
sample_00297|Hắn mổ bụng lột da con mèo hoang, sơ chế một hồi rồi mới nhổ ngọn đèn chiếu mệnh trên tường ra.|Hắn mổ bụng lột da con mèo hoang, sơ chế một hồi rồi mới nhổ ngọn đèn chiếu mệnh trên tường ra.
sample_00298|Gom mấy con ngựa giấy dạng hương, nhóm lửa, đem cái thịt mèo quay quay nướng nướng.|Gom mấy con ngựa giấy dạng hương, nhóm lửa, đem cái thịt mèo quay quay nướng nướng.
sample_00299|Không ngờ tay nghề chẳng có tới nơi tới chốn nướng cháy hết thịt mèo. Phần bên ngoài cháy xém thành một lớp than đen.|Không ngờ tay nghề chẳng có tới nơi tới chốn nướng cháy hết thịt mèo. Phần bên ngoài cháy xém thành một lớp than đen.
sample_00300|Nhưng mà trương tiểu biện đã đói cuốn cả lên rồi.|Nhưng mà trương tiểu biện đã đói cuốn cả lên rồi.
sample_00301|Cái thằng đói chẳng kén thức ăn.|Cái thằng đói chẳng kén thức ăn.
sample_00302|Phàm ngửi cũng đã thấy thơm nức rồi.|Phàm ngửi cũng đã thấy thơm nức rồi.
sample_00303|Chẳng cần biết có cháy hay là không cháy.|Chẳng cần biết có cháy hay là không cháy.
sample_00304|Há miệng định đớp một miếng mèo nướng.|Há miệng định đớp một miếng mèo nướng.
sample_00305|Bỗng có một đôi bàn tay lạnh ngắt như băng bấm vào cổ của hắn từ phía sau.|Bỗng có một đôi bàn tay lạnh ngắt như băng bấm vào cổ của hắn từ phía sau.
sample_00306|và giọng âm u cất lên Thằng kia.|và giọng âm u cất lên Thằng kia.
sample_00307|Ngươi có thấy con mèo hoang ở trong cung của ta không?|Ngươi có thấy con mèo hoang ở trong cung của ta không?
sample_00308|Hả? Này! Cái thằng ranh chết yểu nhà mày đang nướng cái gì đó?|Hả? Này! Cái thằng ranh chết yểu nhà mày đang nướng cái gì đó?
sample_00309|Trương tiểu biện sợ hãi rụng rời.|Trương tiểu biện sợ hãi rụng rời.
sample_00310|Gan có to bằng trời cũng không có chịu nổi nữa.|Gan có to bằng trời cũng không có chịu nổi nữa.
sample_00311|Định vẽ bùa niệm chú Nhưng mà trong đầu trống trơn Chẳng có nghĩ ra cái gì Đành phải buột miệng trả lời luôn Không, không.|Định vẽ bùa niệm chú Nhưng mà trong đầu trống trơn Chẳng có nghĩ ra cái gì Đành phải buột miệng trả lời luôn Không, không.
sample_00312|không thấy Đang nướng, đang nướng gà Chỉ thấy sau lưng Có một luồng hơi lạnh phả vào.|không thấy Đang nướng, đang nướng gà Chỉ thấy sau lưng Có một luồng hơi lạnh phả vào.
sample_00313|Toàn thân của hắn rung lên cầm cập.|Toàn thân của hắn rung lên cầm cập.
sample_00314|Mồ hôi ở lỗ chân lông Tưởng như là đóng lại thành băng Giọng nữ ở phía sau Tiếp tục cật giắng.|Mồ hôi ở lỗ chân lông Tưởng như là đóng lại thành băng Giọng nữ ở phía sau Tiếp tục cật giắng.
sample_00315|Nướng gà, sao mà lại có bốn chân vậy Trương tiểu biện Vẫn bướng bỉnh vặn lại Tam gia nướng hai con gà.|Nướng gà, sao mà lại có bốn chân vậy Trương tiểu biện Vẫn bướng bỉnh vặn lại Tam gia nướng hai con gà.
sample_00316|Hai con gà nướng thì có bốn chân chứ.|Hai con gà nướng thì có bốn chân chứ.
sample_00317|Chương ba Sát phượng Con ma phía sau Nào có chịu tin lời Đôi tay lớn lạnh lẽo.|Chương ba Sát phượng Con ma phía sau Nào có chịu tin lời Đôi tay lớn lạnh lẽo.
sample_00318|tựa như là cái móc sắt tàn độc, khóa chặt yết hầu của Trương tiểu biện hắn thấy cổ đã bị thích lại vội vàng.|tựa như là cái móc sắt tàn độc, khóa chặt yết hầu của Trương tiểu biện hắn thấy cổ đã bị thích lại vội vàng.
sample_00319|gắng sức để mà gỡ đôi tay ma đó ra Nhưng mà sức yếu Lại thêm bị đói mấy ngày Làm sao mà giằng ra cho nổi.|gắng sức để mà gỡ đôi tay ma đó ra Nhưng mà sức yếu Lại thêm bị đói mấy ngày Làm sao mà giằng ra cho nổi.
sample_00320|trắng dã lưỡi thè ra Quỷ Vô Thường đã tới lấy mạng.|trắng dã lưỡi thè ra Quỷ Vô Thường đã tới lấy mạng.
sample_00321|cho hắn luyến tiếc dương gian. Tưởng chừng như ba hồn bảy vía của Trương tiểu biện đã sắp sửa rời xác.|cho hắn luyến tiếc dương gian. Tưởng chừng như ba hồn bảy vía của Trương tiểu biện đã sắp sửa rời xác.
sample_00322|để trở thành một oan hồn.|để trở thành một oan hồn.
sample_00323|dưới chân thành cung điện chính lúc sống chết chỉ trong đường tơ kẽ tóc bỗng có một tiếng nổ như sấm lớn đất đá trong điện.|dưới chân thành cung điện chính lúc sống chết chỉ trong đường tơ kẽ tóc bỗng có một tiếng nổ như sấm lớn đất đá trong điện.
sample_00324|phá thủng một cái lỗ lớn từ bên ngoài. Trương Tiểu Biện bị sặc cát bụi, nước mắt, nước mũi chảy giàn giụa.|phá thủng một cái lỗ lớn từ bên ngoài. Trương Tiểu Biện bị sặc cát bụi, nước mắt, nước mũi chảy giàn giụa.
sample_00325|hai tai bị cái tiếng nổ ù cả lên đôi tai ma trên cổ cũng đã biến mất không có tăm tích nhưng mà vừa loáng thoáng.|hai tai bị cái tiếng nổ ù cả lên đôi tai ma trên cổ cũng đã biến mất không có tăm tích nhưng mà vừa loáng thoáng.
sample_00326|nghe thấy tiếng người sau bức tường bị địa lôi phá dở Trương Tiểu Biện lập tức ngã lăn ra đất giả chết.|nghe thấy tiếng người sau bức tường bị địa lôi phá dở Trương Tiểu Biện lập tức ngã lăn ra đất giả chết.
sample_00327|hắn phiêu bạc giang hồ đã lâu cho nên rất nhanh trí hiểu ngay có người đang tới trộm mộ.|hắn phiêu bạc giang hồ đã lâu cho nên rất nhanh trí hiểu ngay có người đang tới trộm mộ.
sample_00328|nếu để chúng thấy trong cái gian thạch thất này có thêm một người sống chắc.|nếu để chúng thấy trong cái gian thạch thất này có thêm một người sống chắc.
sample_00329|cái mạng của hắn sẽ phải toi đời ngộ biến phải tùng quyền chỉ còn cách nằm thẳng cẳng giữa cái đống đổ nát mấy năm nay chiến tranh liên miên.|cái mạng của hắn sẽ phải toi đời ngộ biến phải tùng quyền chỉ còn cách nằm thẳng cẳng giữa cái đống đổ nát mấy năm nay chiến tranh liên miên.
sample_00330|Người chết đầy khắp nơi Hắn đã nhiều lần trông thấy cái xác chết Chẳng có ai thu nhặt.|Người chết đầy khắp nơi Hắn đã nhiều lần trông thấy cái xác chết Chẳng có ai thu nhặt.
sample_00331|nằm ngổn ngang. Vì vậy giả làm cái xác chết cũng khá giống đó. Thật rõ khéo.|nằm ngổn ngang. Vì vậy giả làm cái xác chết cũng khá giống đó. Thật rõ khéo.
sample_00332|Đúng là Trương Tiểu Biện đã đoán. Thì ra có hai tên trộm đã nghe ngóng trong bãi tha ma làng Kim Hoàng.|Đúng là Trương Tiểu Biện đã đoán. Thì ra có hai tên trộm đã nghe ngóng trong bãi tha ma làng Kim Hoàng.
sample_00333|có một ngôi mộ triều trước. Sau khi mà lần ra dấu vết và ra sức tìm kiếm.|có một ngôi mộ triều trước. Sau khi mà lần ra dấu vết và ra sức tìm kiếm.
sample_00334|chúng đã đào được một cái hang dẫn vào tới nơi.|chúng đã đào được một cái hang dẫn vào tới nơi.
sample_00335|Trộm mộ là công việc lén lút, muốn vội cũng chẳng được.|Trộm mộ là công việc lén lút, muốn vội cũng chẳng được.
sample_00336|Đâu phải là cái chuyện ngày một, ngày hai mà làm xong.|Đâu phải là cái chuyện ngày một, ngày hai mà làm xong.
sample_00337|Lại chỉ có thích hợp làm vào đêm khuya, phải mất hơn nửa tháng trời, chúng mới có thể đào được đến tầng gạch mộ.|Lại chỉ có thích hợp làm vào đêm khuya, phải mất hơn nửa tháng trời, chúng mới có thể đào được đến tầng gạch mộ.
sample_00338|Canh ba đêm nay, hai cái tên trộm mộ mang theo đồ nghề.|Canh ba đêm nay, hai cái tên trộm mộ mang theo đồ nghề.
sample_00339|tiếp tục lẻn vào trong hang, dùng địa lôi để phá tường mộ thấy ngọn đèn chiêu hồn ở trong minh điện dẫn sáng.|tiếp tục lẻn vào trong hang, dùng địa lôi để phá tường mộ thấy ngọn đèn chiêu hồn ở trong minh điện dẫn sáng.
sample_00340|liệu chừng bên trong không có khí độc chúng mới liền thắp đuốc đi vào một tên khoác áo tơi bước vào trước tiên.|liệu chừng bên trong không có khí độc chúng mới liền thắp đuốc đi vào một tên khoác áo tơi bước vào trước tiên.
sample_00341|hắn thấy ở cửa hang có thiếu niên da bọc xương, mặt mũi lem luốc nằm ngây đơ, rõ là một xác chết.|hắn thấy ở cửa hang có thiếu niên da bọc xương, mặt mũi lem luốc nằm ngây đơ, rõ là một xác chết.
sample_00342|không nén nổi ngạc nhiên mới thốt lên.|không nén nổi ngạc nhiên mới thốt lên.
sample_00343|Quý Phi nương nương trong mộ kim quang lại có một tên đồng tử bồi tán theo sao có điều cái thằng này.|Quý Phi nương nương trong mộ kim quang lại có một tên đồng tử bồi tán theo sao có điều cái thằng này.
sample_00344|hơi lớn thì phải đồng tử tuẫn táng theo phải dưới mười tuổi mới đúng chứ gã trộm mộ ở đằng sau mới vội giục.|hơi lớn thì phải đồng tử tuẫn táng theo phải dưới mười tuổi mới đúng chứ gã trộm mộ ở đằng sau mới vội giục.
sample_00345|có khi đó là một tiểu thái giám chưa biết chừng đó hiền đệ chớ có hỏi nhiều chốn minh điện này kỵ nhất.|có khi đó là một tiểu thái giám chưa biết chừng đó hiền đệ chớ có hỏi nhiều chốn minh điện này kỵ nhất.
sample_00346|hai cái chữ tò mò đó mau lấy các cái đồ tùy táng rồi rút cho sớm sửa đi may ra kịp về quang hoa lâu.|hai cái chữ tò mò đó mau lấy các cái đồ tùy táng rồi rút cho sớm sửa đi may ra kịp về quang hoa lâu.
sample_00347|ở trong thành tìm mấy cái em chơi bời cho đã.|ở trong thành tìm mấy cái em chơi bời cho đã.
sample_00348|Hai cái tên trộm mộ nóng lòng phát tài cho nên không có xem kỹ Trương Tiểu Biện đang giả chết.|Hai cái tên trộm mộ nóng lòng phát tài cho nên không có xem kỹ Trương Tiểu Biện đang giả chết.
sample_00349|Trước tiên, chúng đi quanh điện một dòng thấy phía tường hậu bị động đất làm nứt ra một cái khe hở.|Trước tiên, chúng đi quanh điện một dòng thấy phía tường hậu bị động đất làm nứt ra một cái khe hở.
sample_00350|không đủ cho người lớn lọt qua cũng không có thèm để tâm.|không đủ cho người lớn lọt qua cũng không có thèm để tâm.
sample_00351|Quay thẳng ra cái chỗ bệ đá thấy chẳng có quan quách gì ngoài thi thể của một thiếu phụ trẻ tuổi áo trắng.|Quay thẳng ra cái chỗ bệ đá thấy chẳng có quan quách gì ngoài thi thể của một thiếu phụ trẻ tuổi áo trắng.
sample_00352|Không có đồ trang sức nằm trơ một bên.|Không có đồ trang sức nằm trơ một bên.
sample_00353|Hai gã trộm hết đổi kinh ngạc.|Hai gã trộm hết đổi kinh ngạc.
sample_00354|Vì thi thể đã được bảo quản quá hoàn hảo đi.|Vì thi thể đã được bảo quản quá hoàn hảo đi.
sample_00355|Chẳng khác nào người đang nằm ngủ.|Chẳng khác nào người đang nằm ngủ.
sample_00356|Tưởng chừng chỉ cần sơ ý, làm kinh động.|Tưởng chừng chỉ cần sơ ý, làm kinh động.
sample_00357|là có thể đánh thức bà Quý Phi. Những xác chết mà không rữa không khô.|là có thể đánh thức bà Quý Phi. Những xác chết mà không rữa không khô.
sample_00358|Một là do oán hận không tiêu.|Một là do oán hận không tiêu.
sample_00359|Hai là hóa thành cương thi.|Hai là hóa thành cương thi.
sample_00360|Ba là bị chết mờ ám, chờ được rửa oan.|Ba là bị chết mờ ám, chờ được rửa oan.
sample_00361|Chẳng hiểu là bà Quý Phi này ra sao nữa.|Chẳng hiểu là bà Quý Phi này ra sao nữa.
sample_00362|lạ lùng là ở chỗ, một là không có quan quách, hai là không có đồ bồi táng. Tương truyền năm xưa.|lạ lùng là ở chỗ, một là không có quan quách, hai là không có đồ bồi táng. Tương truyền năm xưa.
sample_00364|Chẳng lẽ là về tay không chứ?|Chẳng lẽ là về tay không chứ?
sample_00365|nằm dưới đất nghe thấy hai cái tên trộm ngoác mồm chửi bới hắn mới nghĩ thầm.|nằm dưới đất nghe thấy hai cái tên trộm ngoác mồm chửi bới hắn mới nghĩ thầm.
sample_00366|Hai cái gã này chẳng có biết cái gì.|Hai cái gã này chẳng có biết cái gì.
sample_00367|Cả bao tiền vàng trang sức đã bị tam gia nhà ta gói ghém hết rồi.|Cả bao tiền vàng trang sức đã bị tam gia nhà ta gói ghém hết rồi.
sample_00368|Đang giấu mình dưới đây này.|Đang giấu mình dưới đây này.
sample_00369|Các người đã trộm hụt thì đừng có nấn ná nữa.|Các người đã trộm hụt thì đừng có nấn ná nữa.
sample_00370|Mau, biến nhanh đi. Biến nhanh đi chứ.|Mau, biến nhanh đi. Biến nhanh đi chứ.
sample_00371|Hắn mong cho hai cái tên trộm bỏ đi.|Hắn mong cho hai cái tên trộm bỏ đi.
sample_00372|Cho nhanh. Vì giả chết đã lâu quá rồi.|Cho nhanh. Vì giả chết đã lâu quá rồi.
sample_00373|Cơ thể nằm trên cái đống gạch đã bắt đầu thấy ê ẩm.|Cơ thể nằm trên cái đống gạch đã bắt đầu thấy ê ẩm.
sample_00374|Muốn thở mạnh cũng không dám.|Muốn thở mạnh cũng không dám.
sample_00375|không có thể chịu nổi nữa. Vẫn có câu, cướp chẳng có về không.|không có thể chịu nổi nữa. Vẫn có câu, cướp chẳng có về không.
sample_00376|Hai tên trộm sao chịu bỏ qua chứ.|Hai tên trộm sao chịu bỏ qua chứ.
sample_00377|Thấy trên người của quý phi nương nương còn có mấy bộ quần áo.|Thấy trên người của quý phi nương nương còn có mấy bộ quần áo.
sample_00378|Liền hợp sức dùng dây thừng trói xác phượng lại.|Liền hợp sức dùng dây thừng trói xác phượng lại.
sample_00379|đáng thương thay, quý phi ngậm hờn mà chết.|đáng thương thay, quý phi ngậm hờn mà chết.
sample_00380|Chiếc thân chín suối còn chưa có hóa hết hình hài.|Chiếc thân chín suối còn chưa có hóa hết hình hài.
sample_00381|Tới bây giờ, còn bị hai cái tên trộm lột lõa lồ không còn mảnh vải. Hai tên trộm lấy xong quần áo.|Tới bây giờ, còn bị hai cái tên trộm lột lõa lồ không còn mảnh vải. Hai tên trộm lấy xong quần áo.
sample_00382|còn cạy miệng lấy ngọc ngậm trong mồm và nhét trong hậu môn những thứ mà lúc nãy Trương Tiểu Biện chưa lấy.|còn cạy miệng lấy ngọc ngậm trong mồm và nhét trong hậu môn những thứ mà lúc nãy Trương Tiểu Biện chưa lấy.
sample_00383|đương định bỏ đi chợt thấy xác phượng đã bị lột trần kia đúng là một tấm thân ngọc ngà tuyệt sắc đang nằm thiêm thiếp.|đương định bỏ đi chợt thấy xác phượng đã bị lột trần kia đúng là một tấm thân ngọc ngà tuyệt sắc đang nằm thiêm thiếp.
sample_00384|chẳng có giống người chết chút nào chúng bỗng thấy người nóng ran lên dục vọng trỗi dậy nảy sinh tà niệm.|chẳng có giống người chết chút nào chúng bỗng thấy người nóng ran lên dục vọng trỗi dậy nảy sinh tà niệm.
sample_00385|định dở trò đồi bại dưới xác chết hai gã đào trộm mộ từ xưa tới nay chưa có từng trúng quả nào lớn.|định dở trò đồi bại dưới xác chết hai gã đào trộm mộ từ xưa tới nay chưa có từng trúng quả nào lớn.
sample_00386|Những tử thi trong quan tài không phải là rữa thì cũng thối.|Những tử thi trong quan tài không phải là rữa thì cũng thối.
sample_00387|Hoặc giả đã nát bấy, chừa lại mấy khúc xương.|Hoặc giả đã nát bấy, chừa lại mấy khúc xương.
sample_00388|Còn cái bà quý phi này là loại người nào chứ?|Còn cái bà quý phi này là loại người nào chứ?
sample_00389|Là đàn bà mà hoàng thượng mới có thể ôm ấp đi ngủ. đêm nay thật là cơ hội trời cho.|Là đàn bà mà hoàng thượng mới có thể ôm ấp đi ngủ. đêm nay thật là cơ hội trời cho.
sample_00390|Cứ xong không nếm thử qua một chút.|Cứ xong không nếm thử qua một chút.
sample_00391|mùi vị của cái thằng cha hoàng đế xem rốt cuộc thế nào.|mùi vị của cái thằng cha hoàng đế xem rốt cuộc thế nào.
sample_00392|Càng nghĩ càng thấy toàn thân nóng ran, miệng khô lưỡi đắng.|Càng nghĩ càng thấy toàn thân nóng ran, miệng khô lưỡi đắng.
sample_00393|Hai cái gã mới tiện tay, giật uống mấy ngụm nước mát trong ao, hồng mong nước mát sẽ đè nén dục vọng.|Hai cái gã mới tiện tay, giật uống mấy ngụm nước mát trong ao, hồng mong nước mát sẽ đè nén dục vọng.
sample_00394|đang dâng lên trong lòng nói gì thì chúng chưa có bao giờ dở trò đồi bại với xác chết.|đang dâng lên trong lòng nói gì thì chúng chưa có bao giờ dở trò đồi bại với xác chết.
sample_00395|có điều đối mặt với tứ khoái thì họa may có thần tiên mới bỏ được, đứng trước cái xác chết đẹp tuyệt trần thế này.|có điều đối mặt với tứ khoái thì họa may có thần tiên mới bỏ được, đứng trước cái xác chết đẹp tuyệt trần thế này.
sample_00396|mấy ngụm nước vừa rồi chừng như không có thấm vào đâu mà còn khiến cho dục vọng trỗi dậy nhanh hơn.|mấy ngụm nước vừa rồi chừng như không có thấm vào đâu mà còn khiến cho dục vọng trỗi dậy nhanh hơn.
sample_00397|chuyện gì đến sẽ đến chỉ có trời đất mới biết thôi, mày biết, tao biết.|chuyện gì đến sẽ đến chỉ có trời đất mới biết thôi, mày biết, tao biết.
sample_00398|Còn phải do dự cái gì nữa chứ? Tú Tài gặp nhau nói chuyện chữ nghĩa, Đồ Tể gặp nhau.|Còn phải do dự cái gì nữa chứ? Tú Tài gặp nhau nói chuyện chữ nghĩa, Đồ Tể gặp nhau.
sample_00399|nói chuyện giết lợn, hai gã trộm mộ ở cùng với nhau thì bàn cái gì đứng đắn.|nói chuyện giết lợn, hai gã trộm mộ ở cùng với nhau thì bàn cái gì đứng đắn.
sample_00400|Chúng mới sóc tinh thần cho nhau, rồi mới dùng dây gai, treo cái cổ, buộc chặt hai cái tay lại, đề phòng cái xác.|Chúng mới sóc tinh thần cho nhau, rồi mới dùng dây gai, treo cái cổ, buộc chặt hai cái tay lại, đề phòng cái xác.
sample_00401|có điều gì cổ quái, sau đó hai tên mới nở nụ cười gian xảo, treo lên bệ đá.|có điều gì cổ quái, sau đó hai tên mới nở nụ cười gian xảo, treo lên bệ đá.
sample_00402|Định bụng làm một phen sung sướng, phong lưu như cái thằng cha hoàng đế kia.|Định bụng làm một phen sung sướng, phong lưu như cái thằng cha hoàng đế kia.
sample_00403|Trương Tiểu Biện nằm ở góc điện không có chịu nổi nữa.|Trương Tiểu Biện nằm ở góc điện không có chịu nổi nữa.
sample_00404|Nghe thấy hai cái tên trộm cười hỉ hả, chuẩn bị gian dâm giới sát quý phi.|Nghe thấy hai cái tên trộm cười hỉ hả, chuẩn bị gian dâm giới sát quý phi.
sample_00405|Trong bụng của hắn cũng có một chút tò mò, nhưng mà lại không có dám sơ suất vận động.|Trong bụng của hắn cũng có một chút tò mò, nhưng mà lại không có dám sơ suất vận động.
sample_00406|Chỉ e làm kinh động hai gã kia. Chợt trong phút chốc, gian mộ bổng nhiên, im bặt, chẳng có động tĩnh gì.|Chỉ e làm kinh động hai gã kia. Chợt trong phút chốc, gian mộ bổng nhiên, im bặt, chẳng có động tĩnh gì.
sample_00407|Hai cái tên trộm mộ nọ Đột nhiên biến mất Hắn không khỏi vừa hoảng vừa nghĩ Lại bứt rứt chờ đợi một lúc.|Hai cái tên trộm mộ nọ Đột nhiên biến mất Hắn không khỏi vừa hoảng vừa nghĩ Lại bứt rứt chờ đợi một lúc.
sample_00408|Thấy ở trong minh điện Vẫn không có động tĩnh gì Mới nhè nhẹ quay đầu lên nhìn Chỉ thấy hai cái tên trộm.|Thấy ở trong minh điện Vẫn không có động tĩnh gì Mới nhè nhẹ quay đầu lên nhìn Chỉ thấy hai cái tên trộm.
sample_00409|Nằm phục trên cái xác lõa lồ của quý phi mỗi tên tay nắm một cán dao Đâm vào ngực của đối phương Trên mặt.|Nằm phục trên cái xác lõa lồ của quý phi mỗi tên tay nắm một cán dao Đâm vào ngực của đối phương Trên mặt.
sample_00410|vẫn còn cứng đờ Một cái nụ cười dâm đãng Máu chảy lên láng trên mặt đất chẳng ngờ chúng đã chết được một lúc lâu.|vẫn còn cứng đờ Một cái nụ cười dâm đãng Máu chảy lên láng trên mặt đất chẳng ngờ chúng đã chết được một lúc lâu.
sample_00411|trương tiểu biện vốn không có biết duyên cớ bên trong nhưng mà khi ngồi dậy.|trương tiểu biện vốn không có biết duyên cớ bên trong nhưng mà khi ngồi dậy.
sample_00412|nhìn thì chẳng thấy con mèo già đã bị nướng đi đâu nữa cũng đã đoán được một hai phần thứ nước ma đó.|nhìn thì chẳng thấy con mèo già đã bị nướng đi đâu nữa cũng đã đoán được một hai phần thứ nước ma đó.
sample_00413|không có thể uống bừa uống bãi bằng không sẽ có ác quỷ theo đuôi hắn hết sức sợ hãi mới vội đứng bật dậy.|không có thể uống bừa uống bãi bằng không sẽ có ác quỷ theo đuôi hắn hết sức sợ hãi mới vội đứng bật dậy.
sample_00414|định nhặt cái tay nải châu báu kia rồi cướp đường bỏ chạy chẳng ngờ vừa sờ tay vào.|định nhặt cái tay nải châu báu kia rồi cướp đường bỏ chạy chẳng ngờ vừa sờ tay vào.
sample_00416|bất giác mới chửi thầm đá mọc lông gà trống đẻ.|bất giác mới chửi thầm đá mọc lông gà trống đẻ.
sample_00417|Hay là tại kiếp trước ta không có nên thân chứ. Sao mà bao nhiêu quái sự trong cái gầm trời này cứ nhè đầu của tam gia ta.|Hay là tại kiếp trước ta không có nên thân chứ. Sao mà bao nhiêu quái sự trong cái gầm trời này cứ nhè đầu của tam gia ta.
sample_00418|mà đổ xuống vậy. Chà bố cái con mèo chết bầm.|mà đổ xuống vậy. Chà bố cái con mèo chết bầm.
sample_00419|Đừng có mà ám ông mày mãi mãi nha.|Đừng có mà ám ông mày mãi mãi nha.
sample_00420|Mặc dù là trong bụng lầm rầm chửi bới.|Mặc dù là trong bụng lầm rầm chửi bới.
sample_00421|Nhưng mà thật ra hắn đang sợ hãi tột độ.|Nhưng mà thật ra hắn đang sợ hãi tột độ.
sample_00422|Ba hồn bảy vía lên mây cả rồi. Chỉ giận cái đôi chân không có mọc cánh để mau chóng rời khỏi cái chỗ này.|Ba hồn bảy vía lên mây cả rồi. Chỉ giận cái đôi chân không có mọc cánh để mau chóng rời khỏi cái chỗ này.
sample_00423|Xong, vì quá khiếp đảm, cộng thêm cái bụng đã lâu.|Xong, vì quá khiếp đảm, cộng thêm cái bụng đã lâu.
sample_00424|Chưa có được xơi cái gì tuy muốn trốn chạy Chỉ hiềm là lực bất tòng tâm Trong lúc tinh thần hoảng hốt.|Chưa có được xơi cái gì tuy muốn trốn chạy Chỉ hiềm là lực bất tòng tâm Trong lúc tinh thần hoảng hốt.
sample_00425|mới tự dưng cảm thấy có một con mèo hoang to.|mới tự dưng cảm thấy có một con mèo hoang to.
sample_00426|đang trèo lên đỉnh đầu của hắn hắn ngỡ con mèo đó là ma quỷ biến ra.|đang trèo lên đỉnh đầu của hắn hắn ngỡ con mèo đó là ma quỷ biến ra.
sample_00427|Luồn lên luột xuống một lúc Giữa đỉnh đầu và vai Trương Tiểu Biện chửi thầm con mèo chết bầm Khinh người quá đáng.|Luồn lên luột xuống một lúc Giữa đỉnh đầu và vai Trương Tiểu Biện chửi thầm con mèo chết bầm Khinh người quá đáng.
sample_00428|lại không có dám làm cái gì cả Đúng lúc ấy Trong góc gian mộ Bỗng có một người nhổm dậy.|lại không có dám làm cái gì cả Đúng lúc ấy Trong góc gian mộ Bỗng có một người nhổm dậy.
sample_00429|Ngôi mộ của bà Phi chết oan này. Bốn góc đều mờ mịt âm mưu Chẳng có trông thấy gì Trương tiểu biện.|Ngôi mộ của bà Phi chết oan này. Bốn góc đều mờ mịt âm mưu Chẳng có trông thấy gì Trương tiểu biện.
sample_00430|Nào ngờ ở đó còn có một người ẩn nấp Hơn thế nữa Người này nhất định là đã có mặt trước khi mà hắn.|Nào ngờ ở đó còn có một người ẩn nấp Hơn thế nữa Người này nhất định là đã có mặt trước khi mà hắn.
sample_00431|Và hai cái tên trộm mộ tới đây Có trời mới biết Kẻ đó là người hay là ma quỷ nữa Hắn vô cùng kinh hãi.|Và hai cái tên trộm mộ tới đây Có trời mới biết Kẻ đó là người hay là ma quỷ nữa Hắn vô cùng kinh hãi.
sample_00432|chẳng biết nên làm thế nào cho phải đây đành phải ngồi lặng một chỗ theo dõi động tĩnh của người kia đã đến nước này.|chẳng biết nên làm thế nào cho phải đây đành phải ngồi lặng một chỗ theo dõi động tĩnh của người kia đã đến nước này.
sample_00433|hắn chẳng có quản gì cái chuyện sống chết nữa đành mặc cho số mệnh an bài thôi chỉ thấy người kia.|hắn chẳng có quản gì cái chuyện sống chết nữa đành mặc cho số mệnh an bài thôi chỉ thấy người kia.
sample_00434|thân thể gầy guộc nhỏ bé nhìn cái dạng hình như là một ông lão già nua trên người khoác một tấm áo choàng.|thân thể gầy guộc nhỏ bé nhìn cái dạng hình như là một ông lão già nua trên người khoác một tấm áo choàng.
sample_00435|màu tro rách rưới tả tơi che mặt bằng một miếng vải đen chẳng có thể đoán ra tuổi tác.|màu tro rách rưới tả tơi che mặt bằng một miếng vải đen chẳng có thể đoán ra tuổi tác.
sample_00436|chỉ để lộ có đôi mắt nhoan nhoán như chớp nhìn thế nào cũng không có giống người sống trương tiểu biện.|chỉ để lộ có đôi mắt nhoan nhoán như chớp nhìn thế nào cũng không có giống người sống trương tiểu biện.
sample_00437|nhìn cái tướng mạo người đó lòng thấy bất an chẳng trách quý phi tiểu nương tử không có quan tài thi thể.|nhìn cái tướng mạo người đó lòng thấy bất an chẳng trách quý phi tiểu nương tử không có quan tài thi thể.
sample_00438|để trơ trơ trên bệ thì ra là cổ quan tài đó đã tu luyện thành tinh rồi biến thành một lão già gầy guộc.|để trơ trơ trên bệ thì ra là cổ quan tài đó đã tu luyện thành tinh rồi biến thành một lão già gầy guộc.
sample_00439|tốt đã chẳng đến đến thời chẳng tốt lão già kia xuất hiện đúng vào cái lúc này chỉ e là muốn muốn.|tốt đã chẳng đến đến thời chẳng tốt lão già kia xuất hiện đúng vào cái lúc này chỉ e là muốn muốn.
sample_00440|lấy cái mạng tam gia ta sao?|lấy cái mạng tam gia ta sao?
sample_00441|Nhưng cái ông lão gầy gò, từ trong góc tường đi ra, lại chẳng có thèm để ý đến Trương Tiểu Biện.|Nhưng cái ông lão gầy gò, từ trong góc tường đi ra, lại chẳng có thèm để ý đến Trương Tiểu Biện.
sample_00442|Lão đến thẳng cái chiếc giường đá, vái cái xác một cái, sau đó.|Lão đến thẳng cái chiếc giường đá, vái cái xác một cái, sau đó.
sample_00443|thêm chút dầu cho đĩa đèn chiêu hồn trên tường, làm không gian trong mộ sáng sủa hơn, rồi mò mẫm một lúc.|thêm chút dầu cho đĩa đèn chiêu hồn trên tường, làm không gian trong mộ sáng sủa hơn, rồi mò mẫm một lúc.
sample_00444|trên xác của hai tên trộm xấu số kia, lấy ra một bao lương khô.|trên xác của hai tên trộm xấu số kia, lấy ra một bao lương khô.
sample_00445|Lão già, cầm bọc lương khô, rung rảy, đi tới trước mặt của Trương Tiểu Biện.|Lão già, cầm bọc lương khô, rung rảy, đi tới trước mặt của Trương Tiểu Biện.
sample_00446|ném mấy cái bánh lương khô xuống cho hắn rồi cũng chẳng có thèm nói câu nào cứ giương đôi mắt.|ném mấy cái bánh lương khô xuống cho hắn rồi cũng chẳng có thèm nói câu nào cứ giương đôi mắt.
sample_00447|nhìn tròng trọc vào trương tiểu biện dò xét đôi mắt lấp loáng của lão nhìn chằm chằm.|nhìn tròng trọc vào trương tiểu biện dò xét đôi mắt lấp loáng của lão nhìn chằm chằm.
sample_00448|dường như là thấu đến tận xương tủy của người ta đến nỗi Trương Tiểu Biện nổi da gà toàn thân khó chịu.|dường như là thấu đến tận xương tủy của người ta đến nỗi Trương Tiểu Biện nổi da gà toàn thân khó chịu.
sample_00449|đỉnh đầu của Trương Tiểu Biện vẫn dắt dẻo con mèo hắn hết nhìn cái lão già trước mặt lại ngó mấy cái bánh lương khô.|đỉnh đầu của Trương Tiểu Biện vẫn dắt dẻo con mèo hắn hết nhìn cái lão già trước mặt lại ngó mấy cái bánh lương khô.
sample_00450|ở trên mặt đất Tự dưng cơn đói bụng nổi lên Đã là bước đường cùng Thì chí khí cũng hết.|ở trên mặt đất Tự dưng cơn đói bụng nổi lên Đã là bước đường cùng Thì chí khí cũng hết.
sample_00451|Lão yêu tinh quan tài Ném lương khô ra đây Chắc hẳn là cho Trương Tam Gia ta ăn rồi Ở đời.|Lão yêu tinh quan tài Ném lương khô ra đây Chắc hẳn là cho Trương Tam Gia ta ăn rồi Ở đời.
sample_00452|cũng có lúc Phải là khom lưng uốn gối chứ Hắn mới vội vã Thò tay ra nhặt mấy cái bánh.|cũng có lúc Phải là khom lưng uốn gối chứ Hắn mới vội vã Thò tay ra nhặt mấy cái bánh.
sample_00453|tọng vào cả cái mồm mình tuy mấy cái bánh đều đã khô nứt nẻ nhưng mà Trương Tiểu Biện hiểu rằng.|tọng vào cả cái mồm mình tuy mấy cái bánh đều đã khô nứt nẻ nhưng mà Trương Tiểu Biện hiểu rằng.
sample_00454|Cái thứ nước suối trong mộ này.|Cái thứ nước suối trong mộ này.
sample_00455|Không có thể tùy tiện uống vào được. Đành phải trợn mắt, cố nuốt hết vào trong bụng. Hắn vừa ăn nhồm nhoàm.|Không có thể tùy tiện uống vào được. Đành phải trợn mắt, cố nuốt hết vào trong bụng. Hắn vừa ăn nhồm nhoàm.
sample_00456|vừa tự an ủi mình người không có thể chống lại mệnh xem ra trước mắt của tam gia.|vừa tự an ủi mình người không có thể chống lại mệnh xem ra trước mắt của tam gia.
sample_00457|Còn phải vất vả thêm một thời gian nữa. tục ngữ có câu, chớ khinh thiếu niên nghèo. Người còn ít tuổi.|Còn phải vất vả thêm một thời gian nữa. tục ngữ có câu, chớ khinh thiếu niên nghèo. Người còn ít tuổi.
sample_00459|Đến lúc đó, hôm nào chẳng có thịt mà xơi chứ.|Đến lúc đó, hôm nào chẳng có thịt mà xơi chứ.
sample_00460|Trương Tiểu Biện không có để ý đến lão già đang chăm chú nhìn mình, chỉ cốt sao cho đầy bụng thôi, nhưng mà hắn chợt nghĩ.|Trương Tiểu Biện không có để ý đến lão già đang chăm chú nhìn mình, chỉ cốt sao cho đầy bụng thôi, nhưng mà hắn chợt nghĩ.
sample_00461|thôi chết, lão quan tài thành tinh này chắc là đang thèm ăn gan, uống máu của ta đây, lão thấy ta gầy guộc.|thôi chết, lão quan tài thành tinh này chắc là đang thèm ăn gan, uống máu của ta đây, lão thấy ta gầy guộc.
sample_00462|cho nên mới vỗ béo trước rồi ăn thịt Sao?|cho nên mới vỗ béo trước rồi ăn thịt Sao?
sample_00463|Nghĩ tới đây, hắn bỗng hốt hoảng, ngước nhìn cái lão già che mặt, đứng đằng trước, trong miệng lúng búng.|Nghĩ tới đây, hắn bỗng hốt hoảng, ngước nhìn cái lão già che mặt, đứng đằng trước, trong miệng lúng búng.
sample_00464|mấy cái miếng bánh khô nhưng mà không có dám tiếp tục nhai nữa.|mấy cái miếng bánh khô nhưng mà không có dám tiếp tục nhai nữa.
sample_00465|Lão già nọ mới chợt cất tiếng.|Lão già nọ mới chợt cất tiếng.
sample_00466|Kẻ hậu sinh, chớ có sợ hãi, ngươi có biết lão phu đây là ai không?|Kẻ hậu sinh, chớ có sợ hãi, ngươi có biết lão phu đây là ai không?
sample_00467|Tiếng của lão rào rạo như là tiếng cưa gỗ, nghe cổ quái lạ thường.|Tiếng của lão rào rạo như là tiếng cưa gỗ, nghe cổ quái lạ thường.
sample_00468|Trương Tiểu Biện thấy yêu quái quan tài đã mở mồm nói thầm nghĩ nếu có thể cởi mở với lão chuyện này mười phần.|Trương Tiểu Biện thấy yêu quái quan tài đã mở mồm nói thầm nghĩ nếu có thể cởi mở với lão chuyện này mười phần.
sample_00469|chắc tám có cơ hội xoay chuyển hắn thường lưu lạc khắp nơi thấy được cái sự đời cho nên.|chắc tám có cơ hội xoay chuyển hắn thường lưu lạc khắp nơi thấy được cái sự đời cho nên.
sample_00470|cũng ít nhiều hiểu được lẽ thói đời ấm lạnh mấy cái lối a dua bợ đỡ cũng biết cả.|cũng ít nhiều hiểu được lẽ thói đời ấm lạnh mấy cái lối a dua bợ đỡ cũng biết cả.
sample_00471|đi với bụt mặc áo cà sa đi với ma mặc áo giấy vả lại hắn cũng khá là khỏe mồm.|đi với bụt mặc áo cà sa đi với ma mặc áo giấy vả lại hắn cũng khá là khỏe mồm.
sample_00472|miệng trơn như là bôi mỡ giờ nghe lão già nói như thế mới vội cố nuốt ực một miếng bánh trong miệng, đáp thẳng.|miệng trơn như là bôi mỡ giờ nghe lão già nói như thế mới vội cố nuốt ực một miếng bánh trong miệng, đáp thẳng.
sample_00473|tiểu nhân là Trương Tam tuy không có biết lão tiền bối là ai.|tiểu nhân là Trương Tam tuy không có biết lão tiền bối là ai.
sample_00474|nhưng mà rõ là người nghĩa khí đường đường chắc hẳn là một trung hào kiệt ngày nay lão già nghe như thế.|nhưng mà rõ là người nghĩa khí đường đường chắc hẳn là một trung hào kiệt ngày nay lão già nghe như thế.
sample_00475|biết rằng Trương Tiểu Biện không có rõ lai lịch của mình mới liền gật đầu dẫn Trương Tiểu Biện lại cái phía tường mộ.|biết rằng Trương Tiểu Biện không có rõ lai lịch của mình mới liền gật đầu dẫn Trương Tiểu Biện lại cái phía tường mộ.
sample_00476|dùng tay áo làm lau hết bụi bặm trên tường lộ ra một mảng bích họa đầy màu sắc rực rỡ.|dùng tay áo làm lau hết bụi bặm trên tường lộ ra một mảng bích họa đầy màu sắc rực rỡ.
sample_00477|trong tranh vẽ vô số mèo, mèo hoang, mèo trắng, mèo đen có con đang ngủ có con nô đùa.|trong tranh vẽ vô số mèo, mèo hoang, mèo trắng, mèo đen có con đang ngủ có con nô đùa.
sample_00478|hoặc là võ chim sẻ muôn hình dạng trạng tuy là thần thái khác nhau nhưng mà đều sống động như thật thì ra.|hoặc là võ chim sẻ muôn hình dạng trạng tuy là thần thái khác nhau nhưng mà đều sống động như thật thì ra.
sample_00479|là một bức bách miêu đồ thật đẹp.|là một bức bách miêu đồ thật đẹp.
sample_00480|Trương Tiểu Biện ngấm ngầm lè lưỡi chắc là quý phi tiểu nương nương này nuôi nhiều mèo trong cung lắm chết rồi.|Trương Tiểu Biện ngấm ngầm lè lưỡi chắc là quý phi tiểu nương nương này nuôi nhiều mèo trong cung lắm chết rồi.
sample_00481|vẫn còn muốn vẽ chúng lên vách mộ mà để làm bầu bạn nhưng không biết cái lão già này rốt cuộc có ý đồ gì.|vẫn còn muốn vẽ chúng lên vách mộ mà để làm bầu bạn nhưng không biết cái lão già này rốt cuộc có ý đồ gì.
sample_00482|khi mà cho tam gia ta xem cái quần miêu đồ này chứ trong bụng đang hồ nghi hắn chợt nghe cái lão già phía sau.|khi mà cho tam gia ta xem cái quần miêu đồ này chứ trong bụng đang hồ nghi hắn chợt nghe cái lão già phía sau.
sample_00483|hạ giọng nói nghĩ cách đếm đủ số mèo trong tranh nếu sai một con thì cả đời của nhà ngươi sẽ phải ở lại.|hạ giọng nói nghĩ cách đếm đủ số mèo trong tranh nếu sai một con thì cả đời của nhà ngươi sẽ phải ở lại.
sample_00484|trong cái mộ Kim Quang này như ta đừng có mong mà nhìn thấy mặt trời nữa đó Trương Tiểu Biện nghe lời này của lão.|trong cái mộ Kim Quang này như ta đừng có mong mà nhìn thấy mặt trời nữa đó Trương Tiểu Biện nghe lời này của lão.
sample_00485|thì thất sắc trước này hắn vốn biết cái chuyện ở chốn U Minh không phải trò đùa hủ chi.|thì thất sắc trước này hắn vốn biết cái chuyện ở chốn U Minh không phải trò đùa hủ chi.
sample_00486|vừa rồi trong mộ có ma quỷ dở trò đích thân hắn đã nhìn thấy tận mắt rồi chuyện đã tới nước này.|vừa rồi trong mộ có ma quỷ dở trò đích thân hắn đã nhìn thấy tận mắt rồi chuyện đã tới nước này.
sample_00487|hắn không có muốn tin cũng phải tin chẳng lẽ lão già này cũng đang bị oan hồn trong mộ nhốt lại.|hắn không có muốn tin cũng phải tin chẳng lẽ lão già này cũng đang bị oan hồn trong mộ nhốt lại.
sample_00488|mà chẳng có thể thoát thân hay sao chứ lão già vẫn trơ ra như là tượng gỗ không chút sức sống trên gương mặt.|mà chẳng có thể thoát thân hay sao chứ lão già vẫn trơ ra như là tượng gỗ không chút sức sống trên gương mặt.
sample_00489|lộ ra cặp mắt vô thần.|lộ ra cặp mắt vô thần.
sample_00490|Thấy Trương Tiểu Biện sợ cho đến ngay người, đành phải cất tiếng nói chuyện, kể cho hắn nghe đầu đuôi câu chuyện.|Thấy Trương Tiểu Biện sợ cho đến ngay người, đành phải cất tiếng nói chuyện, kể cho hắn nghe đầu đuôi câu chuyện.
sample_00491|Bà Quý Phi ở trong mộ Kim Quang này lúc sinh thời nghiện mèo.|Bà Quý Phi ở trong mộ Kim Quang này lúc sinh thời nghiện mèo.
sample_00492|thường là nuôi tới hơn một trăm con mèo đen, lại làm cho chúng.|thường là nuôi tới hơn một trăm con mèo đen, lại làm cho chúng.
sample_00493|rất nhiều thứ đồ chơi tỷ như những chiếc giỏ tinh xảo.|rất nhiều thứ đồ chơi tỷ như những chiếc giỏ tinh xảo.
sample_00494|Cậy được hoàng đế sủng ái, bà Phi đã nghiễm nhiên, biến nơi cung cấm đại nội thâm nghiêm thành cái giường mèo, nhà mèo.|Cậy được hoàng đế sủng ái, bà Phi đã nghiễm nhiên, biến nơi cung cấm đại nội thâm nghiêm thành cái giường mèo, nhà mèo.
sample_00495|Có điều những con mèo, mèo mà Quý Phi nuôi đều là loại quý hiếm, tinh quái lạ thường, khiến cho Thái Hậu kinh sợ.|Có điều những con mèo, mèo mà Quý Phi nuôi đều là loại quý hiếm, tinh quái lạ thường, khiến cho Thái Hậu kinh sợ.
sample_00496|liên lụy đến bà Phi nọ, đã phải chịu thắt cổ đến chết.|liên lụy đến bà Phi nọ, đã phải chịu thắt cổ đến chết.
sample_00497|Quý Phi ngậm hờn mà chết táng vào cái mộ kim quang Thái hậu ác độc.|Quý Phi ngậm hờn mà chết táng vào cái mộ kim quang Thái hậu ác độc.
sample_00498|lại thắt cổ hơn một trăm con mèo quý Phi nuôi. Bất luận.|lại thắt cổ hơn một trăm con mèo quý Phi nuôi. Bất luận.
sample_00499|hay dở đều được bị thắt cổ rồi đem chôn vào trong cái giếng vàng trong mộ thất. Dòng suối mát trong cái giếng vàng ấy.|hay dở đều được bị thắt cổ rồi đem chôn vào trong cái giếng vàng trong mộ thất. Dòng suối mát trong cái giếng vàng ấy.
sample_00500|là do oán khí của lũ mèo chết. Tiếc ra, kẻ nào mà uống phải, ắt sẽ gặp ma quỷ.|là do oán khí của lũ mèo chết. Tiếc ra, kẻ nào mà uống phải, ắt sẽ gặp ma quỷ.
sample_00501|Vừa rồi, coi như là Trương Tiểu Biện cao số.|Vừa rồi, coi như là Trương Tiểu Biện cao số.
sample_00502|làm cho ngất đi giây lát bằng không giờ đã sớm chầu địa phủ rồi Trương Tiểu Biện.|làm cho ngất đi giây lát bằng không giờ đã sớm chầu địa phủ rồi Trương Tiểu Biện.
sample_00503|nghe đến đây suýt rơi nước mắt, nghẹn ngào nói với lão già. Sao mà cái khổ Trương Tam tôi lại khổ thế hả trời?|nghe đến đây suýt rơi nước mắt, nghẹn ngào nói với lão già. Sao mà cái khổ Trương Tam tôi lại khổ thế hả trời?
sample_00504|Đã bị con chó dữ kia đuổi lăn xuống đây, lại chưa có từng làm tổn thương mãi mai đến xác phượng của quý phi nương nương.|Đã bị con chó dữ kia đuổi lăn xuống đây, lại chưa có từng làm tổn thương mãi mai đến xác phượng của quý phi nương nương.
sample_00505|Chả hiểu ma xui quỷ khiến thế nào.|Chả hiểu ma xui quỷ khiến thế nào.
sample_00506|Uống phải mấy cái ngụm nước mà rước họa đến nông nỗi này.|Uống phải mấy cái ngụm nước mà rước họa đến nông nỗi này.
sample_00507|Lão Tiền Bối chắc là cùng cảnh ngộ chứ.|Lão Tiền Bối chắc là cùng cảnh ngộ chứ.
sample_00508|Đến cả lão tiền bối cũng chưa có từng đếm rõ cái số mèo trên tường. Tiểu nhân trẻ người non dạ.|Đến cả lão tiền bối cũng chưa có từng đếm rõ cái số mèo trên tường. Tiểu nhân trẻ người non dạ.
sample_00509|chỉ e, vô vọng mất rồi.|chỉ e, vô vọng mất rồi.
sample_00510|Dám hỏi lão tiền bối quý tính đại danh là gì?|Dám hỏi lão tiền bối quý tính đại danh là gì?
sample_00511|Quê quán ở đâu chứ?|Quê quán ở đâu chứ?
sample_00512|Sao mà lại có thể hiểu rõ tường tận nguồn cơn trong mộ như thế?|Sao mà lại có thể hiểu rõ tường tận nguồn cơn trong mộ như thế?
sample_00513|Hắn tỏ vẻ thân thiết, hy vọng là lão già, đồng cảnh ngộ sẽ chiếu cố, nếu mà hắn phải ở lại trong mộ suốt đời.|Hắn tỏ vẻ thân thiết, hy vọng là lão già, đồng cảnh ngộ sẽ chiếu cố, nếu mà hắn phải ở lại trong mộ suốt đời.
sample_00514|nhưng mà dẫu sao trong lòng vẫn còn một chút nghi ngờ nói xong không khỏi đưa mắt liếc nhìn dò ý tứ của đối phương.|nhưng mà dẫu sao trong lòng vẫn còn một chút nghi ngờ nói xong không khỏi đưa mắt liếc nhìn dò ý tứ của đối phương.
sample_00515|lão phu kia dường như đã hơi mất kiên nhẫn lạnh lùng nói lão phu vân du tứ hải.|lão phu kia dường như đã hơi mất kiên nhẫn lạnh lùng nói lão phu vân du tứ hải.
sample_00516|đâu cũng là nhà sống đến chừng này tuổi rồi.|đâu cũng là nhà sống đến chừng này tuổi rồi.
sample_00517|cả cái tên của mình cũng không nhớ tới nữa ngày nay những kẻ biết lão phu đều gọi là lâm trung lão quỷ.|cả cái tên của mình cũng không nhớ tới nữa ngày nay những kẻ biết lão phu đều gọi là lâm trung lão quỷ.
sample_00518|ta đã đợi trong mộ Kim Quang này nhiều năm rồi đêm ngày giữ lăng mộ cho quý phi chỉ đợi.|ta đã đợi trong mộ Kim Quang này nhiều năm rồi đêm ngày giữ lăng mộ cho quý phi chỉ đợi.
sample_00519|người số cao phúc dày có thể đếm rõ cái số mèo trong bách miêu mê hồn đồ nói đến đây.|người số cao phúc dày có thể đếm rõ cái số mèo trong bách miêu mê hồn đồ nói đến đây.
sample_00520|lão mới có tiếng cười khang rào rào như xe gỗ sừng sộ nhìn Trương Tiểu Biện biết đâu.|lão mới có tiếng cười khang rào rào như xe gỗ sừng sộ nhìn Trương Tiểu Biện biết đâu.
sample_00521|người đó chính là trương tam nhà ngươi đó Trương tiểu biện sững sờ mắt.|người đó chính là trương tam nhà ngươi đó Trương tiểu biện sững sờ mắt.
sample_00522|trong cái ngọn đèn chiêu hồn trong mộ nhòa đi quỷ khí mờ mịt càng nhìn càng thấy cái lão già che mặt nọ.|trong cái ngọn đèn chiêu hồn trong mộ nhòa đi quỷ khí mờ mịt càng nhìn càng thấy cái lão già che mặt nọ.
sample_00523|không phải là người sống huống hồ chính lão cũng tự xưng là Lâm Trung Lão Quỷ cái gì đó có điều đổi thành.|không phải là người sống huống hồ chính lão cũng tự xưng là Lâm Trung Lão Quỷ cái gì đó có điều đổi thành.
sample_00524|mộ trung quỷ lão quỷ thì có dễ hợp hơn lão này không phải là kẻ trộm mộ càng không giống như mình.|mộ trung quỷ lão quỷ thì có dễ hợp hơn lão này không phải là kẻ trộm mộ càng không giống như mình.
sample_00525|đâm đầu vào chốn thị phi mà lạc tới cái chỗ này nghe ý trong lời của lão có lẽ đã đợi trong mộ rất nhiều năm rồi.|đâm đầu vào chốn thị phi mà lạc tới cái chỗ này nghe ý trong lời của lão có lẽ đã đợi trong mộ rất nhiều năm rồi.
sample_00526|có trời mới biết Rốt cuộc lão đã có âm mưu gì Nghĩ sâu hơn một chút nữa Không khỏi.|có trời mới biết Rốt cuộc lão đã có âm mưu gì Nghĩ sâu hơn một chút nữa Không khỏi.
sample_00527|khiến cho người ta sởn tóc gáy nghĩ đến đây Trương Tiểu Biện nảy ra ý định bỏ trốn Liền nói phụ họa.|khiến cho người ta sởn tóc gáy nghĩ đến đây Trương Tiểu Biện nảy ra ý định bỏ trốn Liền nói phụ họa.
sample_00528|Thì ra lão tiên sinh Đang đợi người sao Tiểu nhân có một chút việc gấp.|Thì ra lão tiên sinh Đang đợi người sao Tiểu nhân có một chút việc gấp.
sample_00529|Trong nhà còn có mẹ già tám mươi tuổi Đang chờ bốc thuốc mang về Xin thứ cho tiểu nhân Không có hầu chuyện được nữa.|Trong nhà còn có mẹ già tám mươi tuổi Đang chờ bốc thuốc mang về Xin thứ cho tiểu nhân Không có hầu chuyện được nữa.
sample_00530|Nói xong hắn mới vội xoay người ba chân bốn cẳng định bỏ trốn bỗng thấy vạt áo sau lưng bỗng bỗng thích lại.|Nói xong hắn mới vội xoay người ba chân bốn cẳng định bỏ trốn bỗng thấy vạt áo sau lưng bỗng bỗng thích lại.
sample_00531|người đã bị lão già tự xưng là lâm trung lão quỷ nắm chặt quật thẳng vào vách mộ trước mặt như ném một con gà con.|người đã bị lão già tự xưng là lâm trung lão quỷ nắm chặt quật thẳng vào vách mộ trước mặt như ném một con gà con.
sample_00532|trước khi trời sáng nếu mà không đếm được cho ta đừng có trách lão phu vô tình đó trương tiểu biện.|trước khi trời sáng nếu mà không đếm được cho ta đừng có trách lão phu vô tình đó trương tiểu biện.
sample_00533|đau cho đến thấu xương bây giờ gọi trời trời không thấu gọi đất đất không hay đành mặc cho người ta sai khiến.|đau cho đến thấu xương bây giờ gọi trời trời không thấu gọi đất đất không hay đành mặc cho người ta sai khiến.
sample_00534|bị bắt đi đếm Bách Miêu Mê Hồn lúc này hắn mới chỉ nhìn lướt qua cái bức tranh như là cưỡi ngựa xem hoa.|bị bắt đi đếm Bách Miêu Mê Hồn lúc này hắn mới chỉ nhìn lướt qua cái bức tranh như là cưỡi ngựa xem hoa.
sample_00535|tới giờ trấn tĩnh nhìn kỹ chỉ thấy cái bọn mèo trên vách mộ phân bố nhất quán dường như là bên trong.|tới giờ trấn tĩnh nhìn kỹ chỉ thấy cái bọn mèo trên vách mộ phân bố nhất quán dường như là bên trong.
sample_00536|còn có ẩn ý gì đó trước đây những con mèo mà Trương Tiểu Biện thấy đa phần.|còn có ẩn ý gì đó trước đây những con mèo mà Trương Tiểu Biện thấy đa phần.
sample_00537|đều xấu xí chẳng có ai thèm nhìn thời nuôi mèo làm cảnh là cái thú tiêu khiển khi trà dư tửu hậu.|đều xấu xí chẳng có ai thèm nhìn thời nuôi mèo làm cảnh là cái thú tiêu khiển khi trà dư tửu hậu.
sample_00538|của các vương công quý tộc ở trong kinh thành.|của các vương công quý tộc ở trong kinh thành.
sample_00539|Một con sư tử miêu hoặc là mèo ba tư trắng tuyền là hàng giai phẩm.|Một con sư tử miêu hoặc là mèo ba tư trắng tuyền là hàng giai phẩm.
sample_00540|Giá bán trong kinh thành rất cao.|Giá bán trong kinh thành rất cao.
sample_00541|Còn trong làng ngoài xóm ở chỗ châu phủ tầm thường đa phần là những con mèo giặc mèo hoang lem luốc.|Còn trong làng ngoài xóm ở chỗ châu phủ tầm thường đa phần là những con mèo giặc mèo hoang lem luốc.
sample_00542|Dẫu là thi thoảng có mèo nhà nuôi thì cũng chỉ là loại mèo mướp chẳng có phẩm cấp gì.|Dẫu là thi thoảng có mèo nhà nuôi thì cũng chỉ là loại mèo mướp chẳng có phẩm cấp gì.
sample_00543|Trở lại bức tranh Bách Miêu Đồ trong mộ Kim Quang Nửa phía trên đều là con mèo có phẩm chất cao Mắt.|Trở lại bức tranh Bách Miêu Đồ trong mộ Kim Quang Nửa phía trên đều là con mèo có phẩm chất cao Mắt.
sample_00544|tròn, răng sắc, thân hình mập mạp, thần thái an nhàn Những con đen tuyền thì như mây đen phủ tuyết.|tròn, răng sắc, thân hình mập mạp, thần thái an nhàn Những con đen tuyền thì như mây đen phủ tuyết.
sample_00545|Những con trắng tinh thì như bình ngọc ngân câu Những con có vằn hổ thì chẳng khác nào một quả tú cầu.|Những con trắng tinh thì như bình ngọc ngân câu Những con có vằn hổ thì chẳng khác nào một quả tú cầu.
sample_00546|Ở giữa bức tranh thì phẩm cấp mèo hơi kém hơn Càng gần chân tường thì phẩm cấp càng thấp Dưới cùng.|Ở giữa bức tranh thì phẩm cấp mèo hơi kém hơn Càng gần chân tường thì phẩm cấp càng thấp Dưới cùng.
sample_00547|là bốn con mèo gầy gò giống hệt nhau Chỉ có mỗi đôi mắt là sáng lóa, không mất đi thần thái.|là bốn con mèo gầy gò giống hệt nhau Chỉ có mỗi đôi mắt là sáng lóa, không mất đi thần thái.
sample_00548|Chúng dường như cùng một bọc sinh ra.|Chúng dường như cùng một bọc sinh ra.
sample_00549|Trương Tiểu Biện nhớ ngày trước ở làng Kim Quang, cũng có một con mèo hoang sinh tư Mấy ông già hiểu biết về mèo.|Trương Tiểu Biện nhớ ngày trước ở làng Kim Quang, cũng có một con mèo hoang sinh tư Mấy ông già hiểu biết về mèo.
sample_00550|ở trong làng bảo rằng, mèo sinh càng ít càng quý.|ở trong làng bảo rằng, mèo sinh càng ít càng quý.
sample_00551|Một con thì quý, hai con thì đần, ba con thì kém.|Một con thì quý, hai con thì đần, ba con thì kém.
sample_00552|Nếu sinh tư thì gọi là đài kiệu tử.|Nếu sinh tư thì gọi là đài kiệu tử.
sample_00553|Phu Khiên Kiệu Chẳng có giá trị gì mà còn hay chết non Trương Tiểu Biện.|Phu Khiên Kiệu Chẳng có giá trị gì mà còn hay chết non Trương Tiểu Biện.
sample_00554|Xem tới đây, trong lòng mới nghĩ ngợi. Hẳn là cái thằng cha hoàng đế, thương phi tử xinh đẹp chết thảm.|Xem tới đây, trong lòng mới nghĩ ngợi. Hẳn là cái thằng cha hoàng đế, thương phi tử xinh đẹp chết thảm.
sample_00555|Cho nên, tìm tay thợ khéo vẽ cái đám mèo mà tiểu nương tử vẫn nuôi lên vách mộ để làm bầu bạn.|Cho nên, tìm tay thợ khéo vẽ cái đám mèo mà tiểu nương tử vẫn nuôi lên vách mộ để làm bầu bạn.
sample_00556|Cứ như trong tranh, quý phi tiểu nương tử.|Cứ như trong tranh, quý phi tiểu nương tử.
sample_00557|Lúc sinh thời, hễ có mèo là nuôi tất, chẳng kể hay dở. Bây giờ, cái mạng nhỏ của Trương Tam Gia ta sắp…|Lúc sinh thời, hễ có mèo là nuôi tất, chẳng kể hay dở. Bây giờ, cái mạng nhỏ của Trương Tam Gia ta sắp…
sample_00558|chẳng bằng bốn con mèo con khiêng kiệu kia rồi. Chỉ cần sơ ý có một chút, đã bị lão quỷ tử kia khử ngay.|chẳng bằng bốn con mèo con khiêng kiệu kia rồi. Chỉ cần sơ ý có một chút, đã bị lão quỷ tử kia khử ngay.
sample_00559|Các vị mèo tổ tiên ở trên trời nếu có linh thiêng, nhớ phù hộ cho tam gia không có đếm sót.|Các vị mèo tổ tiên ở trên trời nếu có linh thiêng, nhớ phù hộ cho tam gia không có đếm sót.
sample_00560|Nếu giữ được cái mạng, sau này ta sẽ bỏ tiền mời thầy chùa thầy cúng tới để lập đạo tràng cầu siêu cho các vị.|Nếu giữ được cái mạng, sau này ta sẽ bỏ tiền mời thầy chùa thầy cúng tới để lập đạo tràng cầu siêu cho các vị.
sample_00561|sớm siêu thoát. Hắn vừa lẩm nhẩm, vừa cầu khẩn, vừa đếm kỹ cái số mèo trên bức bích họa.|sớm siêu thoát. Hắn vừa lẩm nhẩm, vừa cầu khẩn, vừa đếm kỹ cái số mèo trên bức bích họa.
sample_00562|Đếm đi đếm lại sáu bảy lần.|Đếm đi đếm lại sáu bảy lần.
sample_00563|Càng đếm mắt càng hoa, đầu càng loạn dường như là cái bọn mèo trong bách miêu đồ đều đang sống dậy.|Càng đếm mắt càng hoa, đầu càng loạn dường như là cái bọn mèo trong bách miêu đồ đều đang sống dậy.
sample_00564|trông thì tưởng đứng im bặt thật ra đang trốn đông trốn tây.|trông thì tưởng đứng im bặt thật ra đang trốn đông trốn tây.
sample_00565|Hai con mắt hơi mất tập trung một chút là bức tranh lập tức đã biến đổi khác hẳn cứ mỗi lần đếm lại.|Hai con mắt hơi mất tập trung một chút là bức tranh lập tức đã biến đổi khác hẳn cứ mỗi lần đếm lại.
sample_00566|ra một kết quả khác nhau.|ra một kết quả khác nhau.
sample_00567|Đếm đi đếm lại chỉ biết được đại khái trong bức tranh có khoảng một trăm mười mấy con mèo.|Đếm đi đếm lại chỉ biết được đại khái trong bức tranh có khoảng một trăm mười mấy con mèo.
sample_00568|Nhưng mà rốt cuộc có bao nhiêu con thì không có tài nào đếm ra được.|Nhưng mà rốt cuộc có bao nhiêu con thì không có tài nào đếm ra được.
sample_00569|Trương Tiểu Biện càng thêm hoảng loạn.|Trương Tiểu Biện càng thêm hoảng loạn.
sample_00570|Đã đờ đẫn rồi mà vẫn muốn đếm tiếp.|Đã đờ đẫn rồi mà vẫn muốn đếm tiếp.
sample_00571|Bỗng phía sau có âm thanh khác lạ, vội vàng quay đầu lại nhìn, chỉ thấy cái xác vẫn chưa có quá đi của quý phi.|Bỗng phía sau có âm thanh khác lạ, vội vàng quay đầu lại nhìn, chỉ thấy cái xác vẫn chưa có quá đi của quý phi.
sample_00572|không động đậy. Nhưng móng tay đột ngột chìa hẳn ra.|không động đậy. Nhưng móng tay đột ngột chìa hẳn ra.
sample_00573|Những đốt tay cương cướng phát ra những cái tiếng răng rắc.|Những đốt tay cương cướng phát ra những cái tiếng răng rắc.
sample_00574|Lão già từ đầu đến cuối.|Lão già từ đầu đến cuối.
sample_00576|đã dám cạy lấy ngọc lại còn định giở trò đồi bại.|đã dám cạy lấy ngọc lại còn định giở trò đồi bại.
sample_00577|Đúng là chán sống. Rồi lão giơ tay, nắm chặt vai của Trương tiểu biện, gặng hỏi. Hôm nay ngày xấu.|Đúng là chán sống. Rồi lão giơ tay, nắm chặt vai của Trương tiểu biện, gặng hỏi. Hôm nay ngày xấu.
sample_00578|không có được làm kinh động chủ nhân nữa nói mau trên vách có bao nhiêu con mèo đó.|không có được làm kinh động chủ nhân nữa nói mau trên vách có bao nhiêu con mèo đó.
sample_00579|Có câu rằng một lời có thể gây nên quạ.|Có câu rằng một lời có thể gây nên quạ.
sample_00580|Chưa nghĩ cho sâu, chớ có nói càn.|Chưa nghĩ cho sâu, chớ có nói càn.
sample_00581|Sống chết trong đường tơ kẽ tóc.|Sống chết trong đường tơ kẽ tóc.
sample_00582|Ai dám bạo mồm nói bậy đây?|Ai dám bạo mồm nói bậy đây?
sample_00583|Các bạn vừa nghe xong tập một, Tặc Miêu của tác giả thiên hạ bá sướng.|Các bạn vừa nghe xong tập một, Tặc Miêu của tác giả thiên hạ bá sướng.
sample_00584|Cảm ơn các bạn đã quan tâm theo dõi.|Cảm ơn các bạn đã quan tâm theo dõi.
sample_00585|Hẹn gặp lại các bạn trong phần tiếp theo.|Hẹn gặp lại các bạn trong phần tiếp theo.
sample_00586|Thân ái chào tạm biệt.|Thân ái chào tạm biệt.
